ctime,schemaname,relname,seq_scan,seq_tup_read,idx_scan,idx_tup_fetch,n_tup_ins,n_tup_upd,n_tup_del,n_tup_hot_upd,n_live_tup,n_dead_tup,heap_blks_read,heap_blks_hit,idx_blks_read,idx_blks_hit,toast_blks_read,toast_blks_hit,tidx_blks_read,tidx_blks_hit
1416446371.24762,pg_catalog,pg_attrdef,0,0,0,0,0,0,0,0,0,0,0,0,0,0,0,0,0,0
1416446371.24762,pg_catalog,pg_db_role_setting,0,0,27020,0,0,0,0,0,0,0,0,0,57,26963,0,0,0,0
1416446371.24762,pg_toast,pg_toast_12713,0,0,0,0,0,0,0,0,0,0,0,0,0,0,,,,
1416446371.24762,pg_catalog,pg_rowsecurity,0,0,0,0,0,0,0,0,0,0,0,0,0,0,,,,
1416446371.24762,pg_catalog,pg_description,0,0,912,0,0,0,0,0,0,0,0,0,303,1724,0,0,0,0
1416446371.24762,pg_catalog,pg_foreign_data_wrapper,0,0,0,0,0,0,0,0,0,0,0,0,0,0,,,,
1416446371.24762,pg_catalog,pg_conversion,0,0,0,0,0,0,0,0,0,0,0,0,0,0,,,,
1416446371.24762,public,region,6,10,8,8,5,0,0,0,5,0,5,15,2,10,,,,
1416446371.24762,pg_catalog,pg_class,2023,452528,163092,149968,407,109,369,102,337,57,1388,167662,1315,341600,,,,
1416446371.24762,information_schema,sql_implementation_info,0,0,,,0,0,0,0,0,0,0,0,,,0,0,0,0
1416446371.24762,pg_catalog,pg_opfamily,0,0,0,0,0,0,0,0,0,0,0,0,0,0,,,,
1416446371.24762,pg_catalog,pg_auth_members,0,0,0,0,0,0,0,0,0,0,0,0,0,0,,,,
1416446371.24762,pg_catalog,pg_operator,0,0,49371,256458,0,0,0,0,0,0,1088,177843,945,107314,,,,
1416446371.24762,information_schema,sql_languages,0,0,,,0,0,0,0,0,0,0,0,,,0,0,0,0
1416446371.24762,pg_toast,pg_toast_12693,0,0,0,0,0,0,0,0,0,0,0,0,0,0,,,,
1416446371.24762,pg_catalog,pg_attribute,473,3225,131645,296013,1540,50,1362,21,2514,10,3593,152202,1163,277086,,,,
1416446371.24762,public,orders,9,60000000,30,30,15000000,0,0,0,15000000,0,504559,2065423,41135,121,,,,
1416446371.24762,pg_toast,pg_toast_12698,0,0,0,0,0,0,0,0,0,0,0,0,0,0,,,,
1416446371.24762,pg_catalog,pg_tablespace,2,4,4591,4591,0,0,0,0,0,0,99,4494,211,8997,,,,
1416446371.24762,pg_catalog,pg_statistic,0,0,34442,32902,381,860,318,549,464,23,2416,33554,364,74638,7787,31724,319,28045
1416446371.24762,pg_toast,pg_toast_12703,0,0,0,0,0,0,0,0,0,0,0,0,0,0,,,,
1416446371.24762,information_schema,sql_packages,0,0,,,0,0,0,0,0,0,0,0,,,0,0,0,0
1416446371.24762,information_schema,sql_sizing_profiles,0,0,,,0,0,0,0,0,0,0,0,,,0,0,0,0
1416446371.24762,pg_catalog,pg_aggregate,0,0,3410,3410,0,0,0,0,0,0,218,3192,506,5442,,,,
1416446371.24762,pg_catalog,pg_inherits,0,0,203,0,0,0,0,0,0,0,0,0,107,96,,,,
1416446371.24762,pg_catalog,pg_enum,0,0,0,0,0,0,0,0,0,0,0,0,0,0,,,,
1416446371.24762,pg_toast,pg_toast_2396,0,0,0,0,0,0,0,0,0,0,0,0,0,0,,,,
1416446371.24762,pg_catalog,pg_pltemplate,0,0,0,0,0,0,0,0,0,0,0,0,0,0,,,,
1416446371.24762,pg_toast,pg_toast_2618,0,0,728,2324,0,0,0,0,0,0,453,443,133,1043,,,,
1416446371.24762,pg_toast,pg_toast_3596,0,0,0,0,0,0,0,0,0,0,0,0,0,0,,,,
1416446371.24762,public,nation,13,50,42,42,25,0,0,0,25,0,5,49,2,50,,,,
1416446371.24762,information_schema,sql_features,0,0,,,0,0,0,0,0,0,0,0,,,0,0,0,0
1416446371.24762,public,part,8,12000000,26,26,2000000,0,0,0,2000000,0,79009,408798,42762,104,,,,
1416446371.24762,pg_toast,pg_toast_2606,0,0,0,0,0,0,0,0,0,0,0,0,0,0,,,,
1416446371.24762,pg_toast,pg_toast_12723,0,0,0,0,0,0,0,0,0,0,0,0,0,0,,,,
1416446371.24762,pg_toast,pg_toast_2964,0,0,0,0,0,0,0,0,0,0,0,0,0,0,,,,
1416446371.24762,pg_catalog,pg_database,475,1798,21815,21813,1,0,0,0,1,0,37,22252,259,35051,,,,
1416446371.24762,public,partsupp,8,24000000,16,16,8000000,0,0,0,8000000,0,340615,1296493,21941,54,,,,
1416446371.24762,public,customer,10,9000000,28,28,1500000,0,0,0,1500000,0,68535,365453,17757,111,,,,
1416446371.24762,public,time_statistics,1,1,,,3,1,0,1,3,1,2,3,,,,,,
1416446371.24762,information_schema,sql_sizing,0,0,,,0,0,0,0,0,0,0,0,,,0,0,0,0
1416446371.24762,pg_toast,pg_toast_2620,0,0,0,0,0,0,0,0,0,0,0,0,0,0,,,,
1416446371.24762,pg_catalog,pg_depend,0,0,8765,9377,1642,0,1553,0,7106,9,1317,10478,2261,22849,,,,
1416446371.24762,pg_catalog,pg_language,0,0,0,0,0,0,0,0,0,0,0,0,0,0,,,,
1416446371.24762,public,lineitem,15,539874468,56,56,59986052,0,0,0,59985872,0,9005660,6387879,328974,505,,,,
1416446371.24762,pg_catalog,pg_amproc,86,172,31584,92886,0,0,0,0,0,0,573,30820,277,69510,,,,
1416446371.24762,pg_catalog,pg_collation,0,0,0,0,0,0,0,0,0,0,0,0,0,0,,,,
1416446371.24762,pg_toast,pg_toast_12708,0,0,0,0,0,0,0,0,0,0,0,0,0,0,,,,
1416446371.24762,pg_catalog,pg_range,0,0,1518,0,0,0,0,0,0,0,0,0,491,2545,,,,
1416446371.24762,pg_toast,pg_toast_2609,0,0,0,0,0,0,0,0,0,0,0,0,0,0,,,,
1416446371.24762,pg_catalog,pg_opclass,86,86,42347,441000,0,0,0,0,0,0,202,176211,505,51250,,,,
1416446371.24762,pg_catalog,pg_rewrite,0,0,1662,1335,109,0,109,0,110,37,764,1339,382,2452,453,443,266,2086
1416446371.24762,pg_toast,pg_toast_1255,0,0,0,0,0,0,0,0,0,0,0,0,0,0,,,,
1416446371.24762,pg_catalog,pg_seclabel,0,0,912,0,0,0,0,0,0,0,0,0,98,814,0,0,0,0
1416446371.24762,pg_catalog,pg_ts_parser,0,0,0,0,0,0,0,0,0,0,0,0,0,0,,,,
1416446371.24762,pg_catalog,pg_trigger,0,0,0,0,0,0,0,0,0,0,0,0,0,0,0,0,0,0
1416446371.24762,pg_catalog,pg_shseclabel,0,0,0,0,0,0,0,0,0,0,0,0,0,0,,,,
1416446371.24762,pg_catalog,pg_event_trigger,0,0,403,0,0,0,0,0,0,0,0,0,102,301,,,,
1416446371.24762,pg_catalog,pg_foreign_table,0,0,0,0,0,0,0,0,0,0,0,0,0,0,,,,
1416446371.24762,pg_catalog,pg_extension,0,0,0,0,0,0,0,0,0,0,0,0,0,0,,,,
1416446371.24762,pg_catalog,pg_ts_config,0,0,0,0,0,0,0,0,0,0,0,0,0,0,,,,
1416446371.24762,pg_catalog,pg_shdescription,0,0,0,0,0,0,0,0,0,0,0,0,0,0,0,0,0,0
1416446371.24762,public,supplier,6,400000,42,42,100000,0,0,0,100000,0,2314,20052,280,103,,,,
1416446371.24762,pg_catalog,pg_cast,0,0,214739,51223,0,0,0,0,0,0,222,51001,135,220824,,,,
1416446371.24762,pg_catalog,pg_amop,0,0,53734,94275,0,0,0,0,0,0,360,90145,853,114256,,,,
1416446371.24762,pg_catalog,pg_user_mapping,0,0,0,0,0,0,0,0,0,0,0,0,0,0,,,,
1416446371.24762,pg_catalog,pg_type,0,0,152474,150927,421,0,402,0,360,39,844,151814,1356,313667,,,,
1416446371.24762,information_schema,sql_parts,0,0,,,0,0,0,0,0,0,0,0,,,0,0,0,0
1416446371.24762,pg_catalog,pg_largeobject,0,0,0,0,0,0,0,0,0,0,0,0,0,0,,,,
1416446371.24762,pg_catalog,pg_ts_config_map,0,0,0,0,0,0,0,0,0,0,0,0,0,0,,,,
1416446371.24762,pg_catalog,pg_largeobject_metadata,0,0,0,0,0,0,0,0,0,0,0,0,0,0,,,,
1416446371.24762,pg_catalog,pg_am,9433,9433,0,0,0,0,0,0,0,0,63,9370,0,0,,,,
1416446371.24762,pg_toast,pg_toast_12718,0,0,0,0,0,0,0,0,0,0,0,0,0,0,,,,
1416446371.24762,pg_catalog,pg_ts_template,0,0,0,0,0,0,0,0,0,0,0,0,0,0,,,,
1416446371.24762,pg_catalog,pg_foreign_server,0,0,0,0,0,0,0,0,0,0,0,0,0,0,,,,
1416446371.24762,pg_catalog,pg_namespace,340,3314,33262,26795,10,0,0,0,10,0,78,27083,371,39890,,,,
1416446371.24762,pg_toast,pg_toast_2619,0,0,23571,80660,1385,0,1135,0,260,22,7787,31724,319,28045,,,,
1416446371.24762,pg_catalog,pg_authid,174,174,12992,12992,0,0,0,0,0,0,61,13105,272,25712,,,,
1416446371.24762,pg_catalog,pg_default_acl,0,0,852,0,0,0,0,0,0,0,0,0,89,763,,,,
1416446371.24762,pg_catalog,pg_shdepend,0,0,1137,224,0,0,0,0,0,0,102,122,409,1146,,,,
1416446371.24762,pg_catalog,pg_constraint,0,0,72,32,40,0,32,0,10,32,22,205,40,384,0,0,0,0
1416446371.24762,pg_catalog,pg_index,1002,98241,69663,100216,194,0,166,0,143,0,702,87309,427,79847,,,,
1416446371.24762,pg_catalog,pg_ts_dict,0,0,0,0,0,0,0,0,0,0,0,0,0,0,,,,
1416446371.24762,pg_toast,pg_toast_2604,0,0,0,0,0,0,0,0,0,0,0,0,0,0,,,,
1416446371.24762,pg_catalog,pg_proc,0,0,56357,83878,0,0,0,0,0,0,5273,55733,2104,122788,0,0,0,0
1416446431.25226,pg_catalog,pg_attrdef,0,0,0,0,0,0,0,0,0,0,0,0,0,0,0,0,0,0
1416446431.25226,pg_catalog,pg_db_role_setting,0,0,27108,0,0,0,0,0,0,0,0,0,58,27050,0,0,0,0
1416446431.25226,pg_toast,pg_toast_12713,0,0,0,0,0,0,0,0,0,0,0,0,0,0,,,,
1416446431.25226,pg_catalog,pg_rowsecurity,0,0,0,0,0,0,0,0,0,0,0,0,0,0,,,,
1416446431.25226,pg_catalog,pg_description,0,0,912,0,0,0,0,0,0,0,0,0,303,1724,0,0,0,0
1416446431.25226,pg_catalog,pg_foreign_data_wrapper,0,0,0,0,0,0,0,0,0,0,0,0,0,0,,,,
1416446431.25226,pg_catalog,pg_conversion,0,0,0,0,0,0,0,0,0,0,0,0,0,0,,,,
1416446431.25226,public,region,6,10,8,8,5,0,0,0,5,0,5,15,2,10,,,,
1416446431.25226,pg_catalog,pg_class,2033,455578,163517,150385,407,109,369,102,337,57,1389,168179,1315,342479,,,,
1416446431.25226,information_schema,sql_implementation_info,0,0,,,0,0,0,0,0,0,0,0,,,0,0,0,0
1416446431.25226,pg_catalog,pg_opfamily,0,0,0,0,0,0,0,0,0,0,0,0,0,0,,,,
1416446431.25226,pg_catalog,pg_auth_members,0,0,0,0,0,0,0,0,0,0,0,0,0,0,,,,
1416446431.25226,pg_catalog,pg_operator,0,0,49418,256695,0,0,0,0,0,0,1100,177995,947,107421,,,,
1416446431.25226,information_schema,sql_languages,0,0,,,0,0,0,0,0,0,0,0,,,0,0,0,0
1416446431.25226,pg_toast,pg_toast_12693,0,0,0,0,0,0,0,0,0,0,0,0,0,0,,,,
1416446431.25226,pg_catalog,pg_attribute,473,3225,131909,296504,1540,50,1362,21,2514,10,3610,152465,1165,277630,,,,
1416446431.25226,public,orders,9,60000000,30,30,15015000,0,0,0,15015000,0,504848,2066080,41286,110450,,,,
1416446431.25226,pg_toast,pg_toast_12698,0,0,0,0,0,0,0,0,0,0,0,0,0,0,,,,
1416446431.25226,pg_catalog,pg_tablespace,2,4,4601,4601,0,0,0,0,0,0,100,4503,214,9016,,,,
1416446431.25226,pg_catalog,pg_statistic,0,0,34480,32928,381,860,318,549,464,23,2421,33575,365,74721,7794,31729,319,28067
1416446431.25226,pg_toast,pg_toast_12703,0,0,0,0,0,0,0,0,0,0,0,0,0,0,,,,
1416446431.25226,information_schema,sql_packages,0,0,,,0,0,0,0,0,0,0,0,,,0,0,0,0
1416446431.25226,information_schema,sql_sizing_profiles,0,0,,,0,0,0,0,0,0,0,0,,,0,0,0,0
1416446431.25226,pg_catalog,pg_aggregate,0,0,3412,3412,0,0,0,0,0,0,219,3193,508,5444,,,,
1416446431.25226,pg_catalog,pg_inherits,0,0,203,0,0,0,0,0,0,0,0,0,107,96,,,,
1416446431.25226,pg_catalog,pg_enum,0,0,0,0,0,0,0,0,0,0,0,0,0,0,,,,
1416446431.25226,pg_toast,pg_toast_2396,0,0,0,0,0,0,0,0,0,0,0,0,0,0,,,,
1416446431.25226,pg_catalog,pg_pltemplate,0,0,0,0,0,0,0,0,0,0,0,0,0,0,,,,
1416446431.25226,pg_toast,pg_toast_2618,0,0,733,2340,0,0,0,0,0,0,458,444,133,1051,,,,
1416446431.25226,pg_toast,pg_toast_3596,0,0,0,0,0,0,0,0,0,0,0,0,0,0,,,,
1416446431.25226,public,nation,13,50,42,42,25,0,0,0,25,0,5,49,2,50,,,,
1416446431.25226,information_schema,sql_features,0,0,,,0,0,0,0,0,0,0,0,,,0,0,0,0
1416446431.25226,public,part,9,14000000,28,28,2000000,0,0,0,2000000,0,119531,408800,42771,105,,,,
1416446431.25226,pg_toast,pg_toast_2606,0,0,0,0,0,0,0,0,0,0,0,0,0,0,,,,
1416446431.25226,pg_toast,pg_toast_12723,0,0,0,0,0,0,0,0,0,0,0,0,0,0,,,,
1416446431.25226,pg_toast,pg_toast_2964,0,0,0,0,0,0,0,0,0,0,0,0,0,0,,,,
1416446431.25226,pg_catalog,pg_database,479,1808,21885,21883,1,0,0,0,1,0,37,22326,263,35160,,,,
1416446431.25226,public,partsupp,8,24000000,16,16,8000000,0,0,0,8000000,0,340615,1296493,21941,54,,,,
1416446431.25226,public,customer,10,9000000,28,28,1500000,0,0,0,1500000,0,68535,365453,17757,111,,,,
1416446431.25226,public,time_statistics,3,8,,,5,3,0,3,5,3,2,9,,,,,,
1416446431.25226,information_schema,sql_sizing,0,0,,,0,0,0,0,0,0,0,0,,,0,0,0,0
1416446431.25226,pg_toast,pg_toast_2620,0,0,0,0,0,0,0,0,0,0,0,0,0,0,,,,
1416446431.25226,pg_catalog,pg_depend,0,0,8765,9377,1642,0,1553,0,7106,9,1317,10478,2261,22849,,,,
1416446431.25226,pg_catalog,pg_language,0,0,0,0,0,0,0,0,0,0,0,0,0,0,,,,
1416446431.25226,public,lineitem,15,539874468,59,60045727,60045669,0,0,0,60045489,0,10073317,6391241,380178,1009706,,,,
1416446431.25226,pg_catalog,pg_amproc,86,172,31621,92987,0,0,0,0,0,0,573,30857,278,69596,,,,
1416446431.25226,pg_catalog,pg_collation,0,0,0,0,0,0,0,0,0,0,0,0,0,0,,,,
1416446431.25226,pg_toast,pg_toast_12708,0,0,0,0,0,0,0,0,0,0,0,0,0,0,,,,
1416446431.25226,pg_catalog,pg_range,0,0,1520,0,0,0,0,0,0,0,0,0,495,2545,,,,
1416446431.25226,pg_toast,pg_toast_2609,0,0,0,0,0,0,0,0,0,0,0,0,0,0,,,,
1416446431.25226,pg_catalog,pg_opclass,86,86,42384,441204,0,0,0,0,0,0,202,176300,505,51303,,,,
1416446431.25226,pg_catalog,pg_rewrite,0,0,1669,1342,109,0,109,0,110,37,768,1342,382,2464,458,444,266,2102
1416446431.25226,pg_toast,pg_toast_1255,0,0,0,0,0,0,0,0,0,0,0,0,0,0,,,,
1416446431.25226,pg_catalog,pg_seclabel,0,0,912,0,0,0,0,0,0,0,0,0,98,814,0,0,0,0
1416446431.25226,pg_catalog,pg_ts_parser,0,0,0,0,0,0,0,0,0,0,0,0,0,0,,,,
1416446431.25226,pg_catalog,pg_trigger,0,0,0,0,0,0,0,0,0,0,0,0,0,0,0,0,0,0
1416446431.25226,pg_catalog,pg_shseclabel,0,0,0,0,0,0,0,0,0,0,0,0,0,0,,,,
1416446431.25226,pg_catalog,pg_event_trigger,0,0,403,0,0,0,0,0,0,0,0,0,102,301,,,,
1416446431.25226,pg_catalog,pg_foreign_table,0,0,0,0,0,0,0,0,0,0,0,0,0,0,,,,
1416446431.25226,pg_catalog,pg_extension,0,0,0,0,0,0,0,0,0,0,0,0,0,0,,,,
1416446431.25226,pg_catalog,pg_ts_config,0,0,0,0,0,0,0,0,0,0,0,0,0,0,,,,
1416446431.25226,pg_catalog,pg_shdescription,0,0,0,0,0,0,0,0,0,0,0,0,0,0,0,0,0,0
1416446431.25226,public,supplier,6,400000,42,42,100000,0,0,0,100000,0,2314,20052,280,103,,,,
1416446431.25226,pg_catalog,pg_cast,0,0,214948,51290,0,0,0,0,0,0,222,51068,135,221043,,,,
1416446431.25226,pg_catalog,pg_amop,0,0,53784,94367,0,0,0,0,0,0,362,90232,853,114368,,,,
1416446431.25226,pg_catalog,pg_user_mapping,0,0,0,0,0,0,0,0,0,0,0,0,0,0,,,,
1416446431.25226,pg_catalog,pg_type,0,0,152699,151152,421,0,402,0,360,39,845,152038,1356,314129,,,,
1416446431.25226,information_schema,sql_parts,0,0,,,0,0,0,0,0,0,0,0,,,0,0,0,0
1416446431.25226,pg_catalog,pg_largeobject,0,0,0,0,0,0,0,0,0,0,0,0,0,0,,,,
1416446431.25226,pg_catalog,pg_ts_config_map,0,0,0,0,0,0,0,0,0,0,0,0,0,0,,,,
1416446431.25226,pg_catalog,pg_largeobject_metadata,0,0,0,0,0,0,0,0,0,0,0,0,0,0,,,,
1416446431.25226,pg_catalog,pg_am,9448,9448,0,0,0,0,0,0,0,0,63,9385,0,0,,,,
1416446431.25226,pg_toast,pg_toast_12718,0,0,0,0,0,0,0,0,0,0,0,0,0,0,,,,
1416446431.25226,pg_catalog,pg_ts_template,0,0,0,0,0,0,0,0,0,0,0,0,0,0,,,,
1416446431.25226,pg_catalog,pg_foreign_server,0,0,0,0,0,0,0,0,0,0,0,0,0,0,,,,
1416446431.25226,pg_catalog,pg_namespace,342,3346,33437,26959,10,0,0,0,10,0,78,27249,372,40077,,,,
1416446431.25226,pg_toast,pg_toast_2619,0,0,23580,80684,1385,0,1135,0,260,22,7794,31729,319,28067,,,,
1416446431.25226,pg_catalog,pg_authid,177,177,13032,13032,0,0,0,0,0,0,62,13147,276,25788,,,,
1416446431.25226,pg_catalog,pg_default_acl,0,0,852,0,0,0,0,0,0,0,0,0,89,763,,,,
1416446431.25226,pg_catalog,pg_shdepend,0,0,1137,224,0,0,0,0,0,0,102,122,409,1146,,,,
1416446431.25226,pg_catalog,pg_constraint,0,0,72,32,40,0,32,0,10,32,22,205,40,384,0,0,0,0
1416446431.25226,pg_catalog,pg_index,1007,98956,69746,100332,194,0,166,0,143,0,702,87442,427,79950,,,,
1416446431.25226,pg_catalog,pg_ts_dict,0,0,0,0,0,0,0,0,0,0,0,0,0,0,,,,
1416446431.25226,pg_toast,pg_toast_2604,0,0,0,0,0,0,0,0,0,0,0,0,0,0,,,,
1416446431.25226,pg_catalog,pg_proc,0,0,56467,84030,0,0,0,0,0,0,5290,55841,2109,123024,0,0,0,0
1416446491.25403,pg_catalog,pg_attrdef,0,0,0,0,0,0,0,0,0,0,0,0,0,0,0,0,0,0
1416446491.25403,pg_catalog,pg_db_role_setting,0,0,27148,0,0,0,0,0,0,0,0,0,58,27090,0,0,0,0
1416446491.25403,pg_toast,pg_toast_12713,0,0,0,0,0,0,0,0,0,0,0,0,0,0,,,,
1416446491.25403,pg_catalog,pg_rowsecurity,0,0,0,0,0,0,0,0,0,0,0,0,0,0,,,,
1416446491.25403,pg_catalog,pg_description,0,0,912,0,0,0,0,0,0,0,0,0,303,1724,0,0,0,0
1416446491.25403,pg_catalog,pg_foreign_data_wrapper,0,0,0,0,0,0,0,0,0,0,0,0,0,0,,,,
1416446491.25403,pg_catalog,pg_conversion,0,0,0,0,0,0,0,0,0,0,0,0,0,0,,,,
1416446491.25403,public,region,6350,31725,12,12,5,0,0,0,5,0,6,6361,4,13,,,,
1416446491.25403,pg_catalog,pg_class,2043,458628,163921,150782,407,109,369,102,337,57,1392,168674,1319,343305,,,,
1416446491.25403,information_schema,sql_implementation_info,0,0,,,0,0,0,0,0,0,0,0,,,0,0,0,0
1416446491.25403,pg_catalog,pg_opfamily,0,0,0,0,0,0,0,0,0,0,0,0,0,0,,,,
1416446491.25403,pg_catalog,pg_auth_members,0,0,0,0,0,0,0,0,0,0,0,0,0,0,,,,
1416446491.25403,pg_catalog,pg_operator,0,0,49451,256790,0,0,0,0,0,0,1100,178064,947,107499,,,,
1416446491.25403,information_schema,sql_languages,0,0,,,0,0,0,0,0,0,0,0,,,0,0,0,0
1416446491.25403,pg_toast,pg_toast_12693,0,0,0,0,0,0,0,0,0,0,0,0,0,0,,,,
1416446491.25403,pg_catalog,pg_attribute,473,3225,132163,296934,1540,50,1362,21,2514,10,3613,152730,1168,278146,,,,
1416446491.25403,public,orders,9,60000000,30,30,15015000,0,0,0,15015000,0,504848,2066080,41286,110450,,,,
1416446491.25403,pg_toast,pg_toast_12698,0,0,0,0,0,0,0,0,0,0,0,0,0,0,,,,
1416446491.25403,pg_catalog,pg_tablespace,2,4,4608,4608,0,0,0,0,0,0,100,4510,214,9030,,,,
1416446491.25403,pg_catalog,pg_statistic,0,0,34528,32967,381,860,318,549,464,23,2426,33609,365,74824,7813,31740,320,28104
1416446491.25403,pg_toast,pg_toast_12703,0,0,0,0,0,0,0,0,0,0,0,0,0,0,,,,
1416446491.25403,information_schema,sql_packages,0,0,,,0,0,0,0,0,0,0,0,,,0,0,0,0
1416446491.25403,information_schema,sql_sizing_profiles,0,0,,,0,0,0,0,0,0,0,0,,,0,0,0,0
1416446491.25403,pg_catalog,pg_aggregate,0,0,3414,3414,0,0,0,0,0,0,219,3195,508,5448,,,,
1416446491.25403,pg_catalog,pg_inherits,0,0,203,0,0,0,0,0,0,0,0,0,107,96,,,,
1416446491.25403,pg_catalog,pg_enum,0,0,0,0,0,0,0,0,0,0,0,0,0,0,,,,
1416446491.25403,pg_toast,pg_toast_2396,0,0,0,0,0,0,0,0,0,0,0,0,0,0,,,,
1416446491.25403,pg_catalog,pg_pltemplate,0,0,0,0,0,0,0,0,0,0,0,0,0,0,,,,
1416446491.25403,pg_toast,pg_toast_2618,0,0,738,2356,0,0,0,0,0,0,462,446,133,1059,,,,
1416446491.25403,pg_toast,pg_toast_3596,0,0,0,0,0,0,0,0,0,0,0,0,0,0,,,,
1416446491.25403,public,nation,14,75,25418,25418,25,0,0,0,25,0,6,25425,4,25425,,,,
1416446491.25403,information_schema,sql_features,0,0,,,0,0,0,0,0,0,0,0,,,0,0,0,0
1416446491.25403,public,part,9,14000000,33,2000032,2000000,0,0,0,2000000,0,160051,409558,48242,117,,,,
1416446491.25403,pg_toast,pg_toast_2606,0,0,0,0,0,0,0,0,0,0,0,0,0,0,,,,
1416446491.25403,pg_toast,pg_toast_12723,0,0,0,0,0,0,0,0,0,0,0,0,0,0,,,,
1416446491.25403,pg_toast,pg_toast_2964,0,0,0,0,0,0,0,0,0,0,0,0,0,0,,,,
1416446491.25403,pg_catalog,pg_database,482,1820,21923,21921,1,0,0,0,1,0,37,22367,263,35218,,,,
1416446491.25403,public,partsupp,9,32000000,6362,25388,8000000,0,0,0,8000000,0,511573,1303589,26305,14835,,,,
1416446491.25403,public,customer,10,9000000,28,28,1500000,0,0,0,1500000,0,68535,365453,17757,111,,,,
1416446491.25403,public,time_statistics,4,13,,,6,4,0,4,6,4,2,12,,,,,,
1416446491.25403,information_schema,sql_sizing,0,0,,,0,0,0,0,0,0,0,0,,,0,0,0,0
1416446491.25403,pg_toast,pg_toast_2620,0,0,0,0,0,0,0,0,0,0,0,0,0,0,,,,
1416446491.25403,pg_catalog,pg_depend,0,0,8765,9377,1642,0,1553,0,7106,9,1317,10478,2261,22849,,,,
1416446491.25403,pg_catalog,pg_language,0,0,0,0,0,0,0,0,0,0,0,0,0,0,,,,
1416446491.25403,public,lineitem,15,539874468,59,60045727,60045669,0,0,0,60045489,0,10073317,6391241,380178,1009706,,,,
1416446491.25403,pg_catalog,pg_amproc,86,172,31652,93039,0,0,0,0,0,0,574,30886,281,69664,,,,
1416446491.25403,pg_catalog,pg_collation,0,0,0,0,0,0,0,0,0,0,0,0,0,0,,,,
1416446491.25403,pg_toast,pg_toast_12708,0,0,0,0,0,0,0,0,0,0,0,0,0,0,,,,
1416446491.25403,pg_catalog,pg_range,0,0,1521,0,0,0,0,0,0,0,0,0,495,2547,,,,
1416446491.25403,pg_toast,pg_toast_2609,0,0,0,0,0,0,0,0,0,0,0,0,0,0,,,,
1416446491.25403,pg_catalog,pg_opclass,86,86,42421,441651,0,0,0,0,0,0,203,176472,507,51351,,,,
1416446491.25403,pg_catalog,pg_rewrite,0,0,1676,1349,109,0,109,0,110,37,771,1346,382,2476,462,446,266,2118
1416446491.25403,pg_toast,pg_toast_1255,0,0,0,0,0,0,0,0,0,0,0,0,0,0,,,,
1416446491.25403,pg_catalog,pg_seclabel,0,0,912,0,0,0,0,0,0,0,0,0,98,814,0,0,0,0
1416446491.25403,pg_catalog,pg_ts_parser,0,0,0,0,0,0,0,0,0,0,0,0,0,0,,,,
1416446491.25403,pg_catalog,pg_trigger,0,0,0,0,0,0,0,0,0,0,0,0,0,0,0,0,0,0
1416446491.25403,pg_catalog,pg_shseclabel,0,0,0,0,0,0,0,0,0,0,0,0,0,0,,,,
1416446491.25403,pg_catalog,pg_event_trigger,0,0,403,0,0,0,0,0,0,0,0,0,102,301,,,,
1416446491.25403,pg_catalog,pg_foreign_table,0,0,0,0,0,0,0,0,0,0,0,0,0,0,,,,
1416446491.25403,pg_catalog,pg_extension,0,0,0,0,0,0,0,0,0,0,0,0,0,0,,,,
1416446491.25403,pg_catalog,pg_ts_config,0,0,0,0,0,0,0,0,0,0,0,0,0,0,,,,
1416446491.25403,pg_catalog,pg_shdescription,0,0,0,0,0,0,0,0,0,0,0,0,0,0,0,0,0,0
1416446491.25403,public,supplier,6,400000,25423,525418,100000,0,0,0,100000,0,4493,54144,560,50717,,,,
1416446491.25403,pg_catalog,pg_cast,0,0,215101,51336,0,0,0,0,0,0,222,51114,135,221204,,,,
1416446491.25403,pg_catalog,pg_amop,0,0,53843,94465,0,0,0,0,0,0,362,90328,854,114496,,,,
1416446491.25403,pg_catalog,pg_user_mapping,0,0,0,0,0,0,0,0,0,0,0,0,0,0,,,,
1416446491.25403,pg_catalog,pg_type,0,0,152850,151303,421,0,402,0,360,39,845,152189,1356,314439,,,,
1416446491.25403,information_schema,sql_parts,0,0,,,0,0,0,0,0,0,0,0,,,0,0,0,0
1416446491.25403,pg_catalog,pg_largeobject,0,0,0,0,0,0,0,0,0,0,0,0,0,0,,,,
1416446491.25403,pg_catalog,pg_ts_config_map,0,0,0,0,0,0,0,0,0,0,0,0,0,0,,,,
1416446491.25403,pg_catalog,pg_largeobject_metadata,0,0,0,0,0,0,0,0,0,0,0,0,0,0,,,,
1416446491.25403,pg_catalog,pg_am,9458,9458,0,0,0,0,0,0,0,0,64,9394,0,0,,,,
1416446491.25403,pg_toast,pg_toast_12718,0,0,0,0,0,0,0,0,0,0,0,0,0,0,,,,
1416446491.25403,pg_catalog,pg_ts_template,0,0,0,0,0,0,0,0,0,0,0,0,0,0,,,,
1416446491.25403,pg_catalog,pg_foreign_server,0,0,0,0,0,0,0,0,0,0,0,0,0,0,,,,
1416446491.25403,pg_catalog,pg_namespace,344,3378,33603,27117,10,0,0,0,10,0,78,27409,372,40253,,,,
1416446491.25403,pg_toast,pg_toast_2619,0,0,23597,80756,1385,0,1135,0,260,22,7813,31740,320,28104,,,,
1416446491.25403,pg_catalog,pg_authid,178,178,13048,13048,0,0,0,0,0,0,62,13164,276,25820,,,,
1416446491.25403,pg_catalog,pg_default_acl,0,0,852,0,0,0,0,0,0,0,0,0,89,763,,,,
1416446491.25403,pg_catalog,pg_shdepend,0,0,1137,224,0,0,0,0,0,0,102,122,409,1146,,,,
1416446491.25403,pg_catalog,pg_constraint,0,0,72,32,40,0,32,0,10,32,22,205,40,384,0,0,0,0
1416446491.25403,pg_catalog,pg_index,1012,99671,69813,100419,194,0,166,0,143,0,703,87545,429,80030,,,,
1416446491.25403,pg_catalog,pg_ts_dict,0,0,0,0,0,0,0,0,0,0,0,0,0,0,,,,
1416446491.25403,pg_toast,pg_toast_2604,0,0,0,0,0,0,0,0,0,0,0,0,0,0,,,,
1416446491.25403,pg_catalog,pg_proc,0,0,56561,84179,0,0,0,0,0,0,5297,55944,2110,123227,0,0,0,0
1416446551.25527,pg_catalog,pg_attrdef,0,0,0,0,0,0,0,0,0,0,0,0,0,0,0,0,0,0
1416446551.25527,pg_catalog,pg_db_role_setting,0,0,27200,0,0,0,0,0,0,0,0,0,59,27141,0,0,0,0
1416446551.25527,pg_toast,pg_toast_12713,0,0,0,0,0,0,0,0,0,0,0,0,0,0,,,,
1416446551.25527,pg_catalog,pg_rowsecurity,0,0,0,0,0,0,0,0,0,0,0,0,0,0,,,,
1416446551.25527,pg_catalog,pg_description,0,0,912,0,0,0,0,0,0,0,0,0,303,1724,0,0,0,0
1416446551.25527,pg_catalog,pg_foreign_data_wrapper,0,0,0,0,0,0,0,0,0,0,0,0,0,0,,,,
1416446551.25527,pg_catalog,pg_conversion,0,0,0,0,0,0,0,0,0,0,0,0,0,0,,,,
1416446551.25527,public,region,6350,31725,12,12,5,0,0,0,5,0,6,6361,4,13,,,,
1416446551.25527,pg_catalog,pg_class,2053,461678,164397,151243,407,109,369,102,337,57,1401,169227,1329,344275,,,,
1416446551.25527,information_schema,sql_implementation_info,0,0,,,0,0,0,0,0,0,0,0,,,0,0,0,0
1416446551.25527,pg_catalog,pg_opfamily,0,0,0,0,0,0,0,0,0,0,0,0,0,0,,,,
1416446551.25527,pg_catalog,pg_auth_members,0,0,0,0,0,0,0,0,0,0,0,0,0,0,,,,
1416446551.25527,pg_catalog,pg_operator,0,0,49520,257105,0,0,0,0,0,0,1115,178272,958,107643,,,,
1416446551.25527,information_schema,sql_languages,0,0,,,0,0,0,0,0,0,0,0,,,0,0,0,0
1416446551.25527,pg_toast,pg_toast_12693,0,0,0,0,0,0,0,0,0,0,0,0,0,0,,,,
1416446551.25527,pg_catalog,pg_attribute,473,3225,132477,297516,1540,50,1362,21,2514,10,3640,153037,1174,278785,,,,
1416446551.25527,public,orders,9,60000000,3284674,3284674,15015000,0,0,0,15015000,0,957502,4898070,82373,9941512,,,,
1416446551.25527,pg_toast,pg_toast_12698,0,0,0,0,0,0,0,0,0,0,0,0,0,0,,,,
1416446551.25527,pg_catalog,pg_tablespace,2,4,4617,4617,0,0,0,0,0,0,101,4518,216,9046,,,,
1416446551.25527,pg_catalog,pg_statistic,0,0,34594,33021,381,860,318,549,464,23,2443,33646,370,74960,7842,31768,327,28174
1416446551.25527,pg_toast,pg_toast_12703,0,0,0,0,0,0,0,0,0,0,0,0,0,0,,,,
1416446551.25527,information_schema,sql_packages,0,0,,,0,0,0,0,0,0,0,0,,,0,0,0,0
1416446551.25527,information_schema,sql_sizing_profiles,0,0,,,0,0,0,0,0,0,0,0,,,0,0,0,0
1416446551.25527,pg_catalog,pg_aggregate,0,0,3417,3417,0,0,0,0,0,0,221,3196,512,5450,,,,
1416446551.25527,pg_catalog,pg_inherits,0,0,203,0,0,0,0,0,0,0,0,0,107,96,,,,
1416446551.25527,pg_catalog,pg_enum,0,0,0,0,0,0,0,0,0,0,0,0,0,0,,,,
1416446551.25527,pg_toast,pg_toast_2396,0,0,0,0,0,0,0,0,0,0,0,0,0,0,,,,
1416446551.25527,pg_catalog,pg_pltemplate,0,0,0,0,0,0,0,0,0,0,0,0,0,0,,,,
1416446551.25527,pg_toast,pg_toast_2618,0,0,743,2372,0,0,0,0,0,0,467,447,135,1065,,,,
1416446551.25527,pg_toast,pg_toast_3596,0,0,0,0,0,0,0,0,0,0,0,0,0,0,,,,
1416446551.25527,public,nation,16,125,25422,25422,25,0,0,0,25,0,7,25430,6,25429,,,,
1416446551.25527,information_schema,sql_features,0,0,,,0,0,0,0,0,0,0,0,,,0,0,0,0
1416446551.25527,public,part,10,16000000,44,2021780,2000000,0,0,0,2000000,0,176961,450089,48400,146,,,,
1416446551.25527,pg_toast,pg_toast_2606,0,0,0,0,0,0,0,0,0,0,0,0,0,0,,,,
1416446551.25527,pg_toast,pg_toast_12723,0,0,0,0,0,0,0,0,0,0,0,0,0,0,,,,
1416446551.25527,pg_toast,pg_toast_2964,0,0,0,0,0,0,0,0,0,0,0,0,0,0,,,,
1416446551.25527,pg_catalog,pg_database,485,1832,21970,21968,1,0,0,0,1,0,37,22417,267,35287,,,,
1416446551.25527,public,partsupp,10,40000000,28110,112350,8000000,0,0,0,8000000,0,666618,1343809,40370,66390,,,,
1416446551.25527,public,customer,10,9000000,28,28,1500000,0,0,0,1500000,0,68535,365453,17757,111,,,,
1416446551.25527,public,time_statistics,6,26,,,8,6,0,6,8,6,3,17,,,,,,
1416446551.25527,information_schema,sql_sizing,0,0,,,0,0,0,0,0,0,0,0,,,0,0,0,0
1416446551.25527,pg_toast,pg_toast_2620,0,0,0,0,0,0,0,0,0,0,0,0,0,0,,,,
1416446551.25527,pg_catalog,pg_depend,0,0,8765,9377,1642,0,1553,0,7106,9,1317,10478,2261,22849,,,,
1416446551.25527,pg_catalog,pg_language,0,0,0,0,0,0,0,0,0,0,0,0,0,0,,,,
1416446551.25527,public,lineitem,15,539874468,524565,75795561,60045669,0,0,0,60045489,0,11483799,20730561,485360,3047212,,,,
1416446551.25527,pg_catalog,pg_amproc,86,172,31699,93148,0,0,0,0,0,0,576,30929,282,69769,,,,
1416446551.25527,pg_catalog,pg_collation,0,0,0,0,0,0,0,0,0,0,0,0,0,0,,,,
1416446551.25527,pg_toast,pg_toast_12708,0,0,0,0,0,0,0,0,0,0,0,0,0,0,,,,
1416446551.25527,pg_catalog,pg_range,0,0,1523,0,0,0,0,0,0,0,0,0,499,2547,,,,
1416446551.25527,pg_toast,pg_toast_2609,0,0,0,0,0,0,0,0,0,0,0,0,0,0,,,,
1416446551.25527,pg_catalog,pg_opclass,86,86,42471,442111,0,0,0,0,0,0,205,176656,510,51415,,,,
1416446551.25527,pg_catalog,pg_rewrite,0,0,1683,1356,109,0,109,0,110,37,776,1348,384,2486,467,447,270,2130
1416446551.25527,pg_toast,pg_toast_1255,0,0,0,0,0,0,0,0,0,0,0,0,0,0,,,,
1416446551.25527,pg_catalog,pg_seclabel,0,0,912,0,0,0,0,0,0,0,0,0,98,814,0,0,0,0
1416446551.25527,pg_catalog,pg_ts_parser,0,0,0,0,0,0,0,0,0,0,0,0,0,0,,,,
1416446551.25527,pg_catalog,pg_trigger,0,0,0,0,0,0,0,0,0,0,0,0,0,0,0,0,0,0
1416446551.25527,pg_catalog,pg_shseclabel,0,0,0,0,0,0,0,0,0,0,0,0,0,0,,,,
1416446551.25527,pg_catalog,pg_event_trigger,0,0,403,0,0,0,0,0,0,0,0,0,102,301,,,,
1416446551.25527,pg_catalog,pg_foreign_table,0,0,0,0,0,0,0,0,0,0,0,0,0,0,,,,
1416446551.25527,pg_catalog,pg_extension,0,0,0,0,0,0,0,0,0,0,0,0,0,0,,,,
1416446551.25527,pg_catalog,pg_ts_config,0,0,0,0,0,0,0,0,0,0,0,0,0,0,,,,
1416446551.25527,pg_catalog,pg_shdescription,0,0,0,0,0,0,0,0,0,0,0,0,0,0,0,0,0,0
1416446551.25527,public,supplier,6,400000,3310076,3910070,100000,0,0,0,100000,0,4493,3340975,565,6637575,,,,
1416446551.25527,pg_catalog,pg_cast,0,0,215386,51425,0,0,0,0,0,0,224,51201,137,221498,,,,
1416446551.25527,pg_catalog,pg_amop,0,0,53925,94605,0,0,0,0,0,0,367,90457,862,114666,,,,
1416446551.25527,pg_catalog,pg_user_mapping,0,0,0,0,0,0,0,0,0,0,0,0,0,0,,,,
1416446551.25527,pg_catalog,pg_type,0,0,153114,151567,421,0,402,0,360,39,850,152448,1363,314973,,,,
1416446551.25527,information_schema,sql_parts,0,0,,,0,0,0,0,0,0,0,0,,,0,0,0,0
1416446551.25527,pg_catalog,pg_largeobject,0,0,0,0,0,0,0,0,0,0,0,0,0,0,,,,
1416446551.25527,pg_catalog,pg_ts_config_map,0,0,0,0,0,0,0,0,0,0,0,0,0,0,,,,
1416446551.25527,pg_catalog,pg_largeobject_metadata,0,0,0,0,0,0,0,0,0,0,0,0,0,0,,,,
1416446551.25527,pg_catalog,pg_am,9472,9472,0,0,0,0,0,0,0,0,64,9408,0,0,,,,
1416446551.25527,pg_toast,pg_toast_12718,0,0,0,0,0,0,0,0,0,0,0,0,0,0,,,,
1416446551.25527,pg_catalog,pg_ts_template,0,0,0,0,0,0,0,0,0,0,0,0,0,0,,,,
1416446551.25527,pg_catalog,pg_foreign_server,0,0,0,0,0,0,0,0,0,0,0,0,0,0,,,,
1416446551.25527,pg_catalog,pg_namespace,346,3410,33779,27282,10,0,0,0,10,0,79,27575,376,40438,,,,
1416446551.25527,pg_toast,pg_toast_2619,0,0,23633,80882,1385,0,1135,0,260,22,7842,31768,327,28174,,,,
1416446551.25527,pg_catalog,pg_authid,179,179,13070,13070,0,0,0,0,0,0,63,13186,280,25860,,,,
1416446551.25527,pg_catalog,pg_default_acl,0,0,852,0,0,0,0,0,0,0,0,0,89,763,,,,
1416446551.25527,pg_catalog,pg_shdepend,0,0,1137,224,0,0,0,0,0,0,102,122,409,1146,,,,
1416446551.25527,pg_catalog,pg_constraint,0,0,72,32,40,0,32,0,10,32,22,205,40,384,0,0,0,0
1416446551.25527,pg_catalog,pg_index,1017,100386,69921,100570,194,0,166,0,143,0,708,87708,431,80155,,,,
1416446551.25527,pg_catalog,pg_ts_dict,0,0,0,0,0,0,0,0,0,0,0,0,0,0,,,,
1416446551.25527,pg_toast,pg_toast_2604,0,0,0,0,0,0,0,0,0,0,0,0,0,0,,,,
1416446551.25527,pg_catalog,pg_proc,0,0,56685,84359,0,0,0,0,0,0,5326,56057,2126,123481,0,0,0,0
1416446611.25676,pg_catalog,pg_attrdef,0,0,0,0,0,0,0,0,0,0,0,0,0,0,0,0,0,0
1416446611.25676,pg_catalog,pg_db_role_setting,0,0,27252,0,0,0,0,0,0,0,0,0,59,27193,0,0,0,0
1416446611.25676,pg_toast,pg_toast_12713,0,0,0,0,0,0,0,0,0,0,0,0,0,0,,,,
1416446611.25676,pg_catalog,pg_rowsecurity,0,0,0,0,0,0,0,0,0,0,0,0,0,0,,,,
1416446611.25676,pg_catalog,pg_description,0,0,912,0,0,0,0,0,0,0,0,0,303,1724,0,0,0,0
1416446611.25676,pg_catalog,pg_foreign_data_wrapper,0,0,0,0,0,0,0,0,0,0,0,0,0,0,,,,
1416446611.25676,pg_catalog,pg_conversion,0,0,0,0,0,0,0,0,0,0,0,0,0,0,,,,
1416446611.25676,public,region,6350,31725,12,12,5,0,0,0,5,0,6,6361,4,13,,,,
1416446611.25676,pg_catalog,pg_class,2063,464728,164825,151664,407,109,369,102,337,57,1402,169748,1333,345156,,,,
1416446611.25676,information_schema,sql_implementation_info,0,0,,,0,0,0,0,0,0,0,0,,,0,0,0,0
1416446611.25676,pg_catalog,pg_opfamily,0,0,0,0,0,0,0,0,0,0,0,0,0,0,,,,
1416446611.25676,pg_catalog,pg_auth_members,0,0,0,0,0,0,0,0,0,0,0,0,0,0,,,,
1416446611.25676,pg_catalog,pg_operator,0,0,49583,257499,0,0,0,0,0,0,1115,178552,959,107786,,,,
1416446611.25676,information_schema,sql_languages,0,0,,,0,0,0,0,0,0,0,0,,,0,0,0,0
1416446611.25676,pg_toast,pg_toast_12693,0,0,0,0,0,0,0,0,0,0,0,0,0,0,,,,
1416446611.25676,pg_catalog,pg_attribute,473,3225,132759,298035,1540,50,1362,21,2514,10,3663,153310,1178,279364,,,,
1416446611.25676,public,orders,9,60000000,3284674,3284674,15015000,0,0,0,15015000,0,957502,4898070,82373,9941512,,,,
1416446611.25676,pg_toast,pg_toast_12698,0,0,0,0,0,0,0,0,0,0,0,0,0,0,,,,
1416446611.25676,pg_catalog,pg_tablespace,2,4,4626,4626,0,0,0,0,0,0,101,4527,216,9064,,,,
1416446611.25676,pg_catalog,pg_statistic,0,0,34641,33054,381,860,318,549,464,23,2452,33670,372,75062,7851,31776,328,28204
1416446611.25676,pg_toast,pg_toast_12703,0,0,0,0,0,0,0,0,0,0,0,0,0,0,,,,
1416446611.25676,information_schema,sql_packages,0,0,,,0,0,0,0,0,0,0,0,,,0,0,0,0
1416446611.25676,information_schema,sql_sizing_profiles,0,0,,,0,0,0,0,0,0,0,0,,,0,0,0,0
1416446611.25676,pg_catalog,pg_aggregate,0,0,3421,3421,0,0,0,0,0,0,222,3199,514,5455,,,,
1416446611.25676,pg_catalog,pg_inherits,0,0,203,0,0,0,0,0,0,0,0,0,107,96,,,,
1416446611.25676,pg_catalog,pg_enum,0,0,0,0,0,0,0,0,0,0,0,0,0,0,,,,
1416446611.25676,pg_toast,pg_toast_2396,0,0,0,0,0,0,0,0,0,0,0,0,0,0,,,,
1416446611.25676,pg_catalog,pg_pltemplate,0,0,0,0,0,0,0,0,0,0,0,0,0,0,,,,
1416446611.25676,pg_toast,pg_toast_2618,0,0,749,2390,0,0,0,0,0,0,473,448,137,1073,,,,
1416446611.25676,pg_toast,pg_toast_3596,0,0,0,0,0,0,0,0,0,0,0,0,0,0,,,,
1416446611.25676,public,nation,16,125,25422,25422,25,0,0,0,25,0,7,25430,6,25429,,,,
1416446611.25676,information_schema,sql_features,0,0,,,0,0,0,0,0,0,0,0,,,0,0,0,0
1416446611.25676,public,part,10,16000000,47,2023738,2000000,0,0,0,2000000,0,178873,450090,48424,147,,,,
1416446611.25676,pg_toast,pg_toast_2606,0,0,0,0,0,0,0,0,0,0,0,0,0,0,,,,
1416446611.25676,pg_toast,pg_toast_12723,0,0,0,0,0,0,0,0,0,0,0,0,0,0,,,,
1416446611.25676,pg_toast,pg_toast_2964,0,0,0,0,0,0,0,0,0,0,0,0,0,0,,,,
1416446611.25676,pg_catalog,pg_database,488,1844,22017,22015,1,0,0,0,1,0,37,22467,267,35360,,,,
1416446611.25676,public,partsupp,10,40000000,28110,112350,8000000,0,0,0,8000000,0,666618,1343809,40370,66390,,,,
1416446611.25676,public,customer,10,9000000,28,28,1500000,0,0,0,1500000,0,68535,365453,17757,111,,,,
1416446611.25676,public,time_statistics,8,43,,,10,8,0,8,10,8,3,23,,,,,,
1416446611.25676,information_schema,sql_sizing,0,0,,,0,0,0,0,0,0,0,0,,,0,0,0,0
1416446611.25676,pg_toast,pg_toast_2620,0,0,0,0,0,0,0,0,0,0,0,0,0,0,,,,
1416446611.25676,pg_catalog,pg_depend,0,0,8765,9377,1642,0,1553,0,7106,9,1317,10478,2261,22849,,,,
1416446611.25676,pg_catalog,pg_language,0,0,0,0,0,0,0,0,0,0,0,0,0,0,,,,
1416446611.25676,public,lineitem,15,539874468,528480,135846781,60045669,0,0,0,60045489,0,11874329,21467268,487170,3061298,,,,
1416446611.25676,pg_catalog,pg_amproc,86,172,31736,93249,0,0,0,0,0,0,578,30964,282,69855,,,,
1416446611.25676,pg_catalog,pg_collation,0,0,0,0,0,0,0,0,0,0,0,0,0,0,,,,
1416446611.25676,pg_toast,pg_toast_12708,0,0,0,0,0,0,0,0,0,0,0,0,0,0,,,,
1416446611.25676,pg_catalog,pg_range,0,0,1525,0,0,0,0,0,0,0,0,0,501,2549,,,,
1416446611.25676,pg_toast,pg_toast_2609,0,0,0,0,0,0,0,0,0,0,0,0,0,0,,,,
1416446611.25676,pg_catalog,pg_opclass,86,86,42508,442315,0,0,0,0,0,0,205,176745,512,51465,,,,
1416446611.25676,pg_catalog,pg_rewrite,0,0,1691,1364,109,0,109,0,110,37,781,1351,386,2498,473,448,274,2146
1416446611.25676,pg_toast,pg_toast_1255,0,0,0,0,0,0,0,0,0,0,0,0,0,0,,,,
1416446611.25676,pg_catalog,pg_seclabel,0,0,912,0,0,0,0,0,0,0,0,0,98,814,0,0,0,0
1416446611.25676,pg_catalog,pg_ts_parser,0,0,0,0,0,0,0,0,0,0,0,0,0,0,,,,
1416446611.25676,pg_catalog,pg_trigger,0,0,0,0,0,0,0,0,0,0,0,0,0,0,0,0,0,0
1416446611.25676,pg_catalog,pg_shseclabel,0,0,0,0,0,0,0,0,0,0,0,0,0,0,,,,
1416446611.25676,pg_catalog,pg_event_trigger,0,0,403,0,0,0,0,0,0,0,0,0,102,301,,,,
1416446611.25676,pg_catalog,pg_foreign_table,0,0,0,0,0,0,0,0,0,0,0,0,0,0,,,,
1416446611.25676,pg_catalog,pg_extension,0,0,0,0,0,0,0,0,0,0,0,0,0,0,,,,
1416446611.25676,pg_catalog,pg_ts_config,0,0,0,0,0,0,0,0,0,0,0,0,0,0,,,,
1416446611.25676,pg_catalog,pg_shdescription,0,0,0,0,0,0,0,0,0,0,0,0,0,0,0,0,0,0
1416446611.25676,public,supplier,6,400000,3310076,3910070,100000,0,0,0,100000,0,4493,3340975,565,6637575,,,,
1416446611.25676,pg_catalog,pg_cast,0,0,215625,51495,0,0,0,0,0,0,225,51270,137,221749,,,,
1416446611.25676,pg_catalog,pg_amop,0,0,53986,94710,0,0,0,0,0,0,367,90559,863,114803,,,,
1416446611.25676,pg_catalog,pg_user_mapping,0,0,0,0,0,0,0,0,0,0,0,0,0,0,,,,
1416446611.25676,pg_catalog,pg_type,0,0,153380,151833,421,0,402,0,360,39,850,152714,1364,315517,,,,
1416446611.25676,information_schema,sql_parts,0,0,,,0,0,0,0,0,0,0,0,,,0,0,0,0
1416446611.25676,pg_catalog,pg_largeobject,0,0,0,0,0,0,0,0,0,0,0,0,0,0,,,,
1416446611.25676,pg_catalog,pg_ts_config_map,0,0,0,0,0,0,0,0,0,0,0,0,0,0,,,,
1416446611.25676,pg_catalog,pg_largeobject_metadata,0,0,0,0,0,0,0,0,0,0,0,0,0,0,,,,
1416446611.25676,pg_catalog,pg_am,9486,9486,0,0,0,0,0,0,0,0,64,9422,0,0,,,,
1416446611.25676,pg_toast,pg_toast_12718,0,0,0,0,0,0,0,0,0,0,0,0,0,0,,,,
1416446611.25676,pg_catalog,pg_ts_template,0,0,0,0,0,0,0,0,0,0,0,0,0,0,,,,
1416446611.25676,pg_catalog,pg_foreign_server,0,0,0,0,0,0,0,0,0,0,0,0,0,0,,,,
1416446611.25676,pg_catalog,pg_namespace,348,3442,33957,27448,10,0,0,0,10,0,79,27743,378,40628,,,,
1416446611.25676,pg_toast,pg_toast_2619,0,0,23646,80918,1385,0,1135,0,260,22,7851,31776,328,28204,,,,
1416446611.25676,pg_catalog,pg_authid,180,180,13092,13092,0,0,0,0,0,0,63,13209,280,25904,,,,
1416446611.25676,pg_catalog,pg_default_acl,0,0,852,0,0,0,0,0,0,0,0,0,89,763,,,,
1416446611.25676,pg_catalog,pg_shdepend,0,0,1137,224,0,0,0,0,0,0,102,122,409,1146,,,,
1416446611.25676,pg_catalog,pg_constraint,0,0,72,32,40,0,32,0,10,32,22,205,40,384,0,0,0,0
1416446611.25676,pg_catalog,pg_index,1022,101101,70006,100688,194,0,166,0,143,0,709,87840,432,80259,,,,
1416446611.25676,pg_catalog,pg_ts_dict,0,0,0,0,0,0,0,0,0,0,0,0,0,0,,,,
1416446611.25676,pg_toast,pg_toast_2604,0,0,0,0,0,0,0,0,0,0,0,0,0,0,,,,
1416446611.25676,pg_catalog,pg_proc,0,0,56814,84550,0,0,0,0,0,0,5343,56187,2133,123756,0,0,0,0
1416446671.26326,pg_catalog,pg_attrdef,0,0,0,0,0,0,0,0,0,0,0,0,0,0,0,0,0,0
1416446671.26326,pg_catalog,pg_db_role_setting,0,0,27304,0,0,0,0,0,0,0,0,0,59,27245,0,0,0,0
1416446671.26326,pg_toast,pg_toast_12713,0,0,0,0,0,0,0,0,0,0,0,0,0,0,,,,
1416446671.26326,pg_catalog,pg_rowsecurity,0,0,0,0,0,0,0,0,0,0,0,0,0,0,,,,
1416446671.26326,pg_catalog,pg_description,0,0,912,0,0,0,0,0,0,0,0,0,303,1724,0,0,0,0
1416446671.26326,pg_catalog,pg_foreign_data_wrapper,0,0,0,0,0,0,0,0,0,0,0,0,0,0,,,,
1416446671.26326,pg_catalog,pg_conversion,0,0,0,0,0,0,0,0,0,0,0,0,0,0,,,,
1416446671.26326,public,region,6351,31730,14,14,5,0,0,0,5,0,7,6363,6,14,,,,
1416446671.26326,pg_catalog,pg_class,2073,467778,165288,152113,407,109,369,102,337,57,1403,170297,1334,346108,,,,
1416446671.26326,information_schema,sql_implementation_info,0,0,,,0,0,0,0,0,0,0,0,,,0,0,0,0
1416446671.26326,pg_catalog,pg_opfamily,0,0,0,0,0,0,0,0,0,0,0,0,0,0,,,,
1416446671.26326,pg_catalog,pg_auth_members,0,0,0,0,0,0,0,0,0,0,0,0,0,0,,,,
1416446671.26326,pg_catalog,pg_operator,0,0,49642,257833,0,0,0,0,0,0,1115,178781,959,107920,,,,
1416446671.26326,information_schema,sql_languages,0,0,,,0,0,0,0,0,0,0,0,,,0,0,0,0
1416446671.26326,pg_toast,pg_toast_12693,0,0,0,0,0,0,0,0,0,0,0,0,0,0,,,,
1416446671.26326,pg_catalog,pg_attribute,473,3225,133050,298575,1540,50,1362,21,2514,10,3666,153618,1178,279960,,,,
1416446671.26326,public,orders,10,75015000,3685762,3685762,15015000,0,0,0,15015000,0,1249705,5260477,123577,11105712,,,,
1416446671.26326,pg_toast,pg_toast_12698,0,0,0,0,0,0,0,0,0,0,0,0,0,0,,,,
1416446671.26326,pg_catalog,pg_tablespace,2,4,4635,4635,0,0,0,0,0,0,101,4536,216,9082,,,,
1416446671.26326,pg_catalog,pg_statistic,0,0,34698,33101,381,860,318,549,464,23,2458,33711,372,75184,7863,31803,329,28264
1416446671.26326,pg_toast,pg_toast_12703,0,0,0,0,0,0,0,0,0,0,0,0,0,0,,,,
1416446671.26326,information_schema,sql_packages,0,0,,,0,0,0,0,0,0,0,0,,,0,0,0,0
1416446671.26326,information_schema,sql_sizing_profiles,0,0,,,0,0,0,0,0,0,0,0,,,0,0,0,0
1416446671.26326,pg_catalog,pg_aggregate,0,0,3424,3424,0,0,0,0,0,0,222,3202,514,5461,,,,
1416446671.26326,pg_catalog,pg_inherits,0,0,203,0,0,0,0,0,0,0,0,0,107,96,,,,
1416446671.26326,pg_catalog,pg_enum,0,0,0,0,0,0,0,0,0,0,0,0,0,0,,,,
1416446671.26326,pg_toast,pg_toast_2396,0,0,0,0,0,0,0,0,0,0,0,0,0,0,,,,
1416446671.26326,pg_catalog,pg_pltemplate,0,0,0,0,0,0,0,0,0,0,0,0,0,0,,,,
1416446671.26326,pg_toast,pg_toast_2618,0,0,753,2404,0,0,0,0,0,0,476,450,137,1079,,,,
1416446671.26326,pg_toast,pg_toast_3596,0,0,0,0,0,0,0,0,0,0,0,0,0,0,,,,
1416446671.26326,public,nation,18,175,25428,25428,25,0,0,0,25,0,8,25437,8,25434,,,,
1416446671.26326,information_schema,sql_features,0,0,,,0,0,0,0,0,0,0,0,,,0,0,0,0
1416446671.26326,public,part,10,16000000,52,2037106,2000000,0,0,0,2000000,0,190316,450102,48493,163,,,,
1416446671.26326,pg_toast,pg_toast_2606,0,0,0,0,0,0,0,0,0,0,0,0,0,0,,,,
1416446671.26326,pg_toast,pg_toast_12723,0,0,0,0,0,0,0,0,0,0,0,0,0,0,,,,
1416446671.26326,pg_toast,pg_toast_2964,0,0,0,0,0,0,0,0,0,0,0,0,0,0,,,,
1416446671.26326,pg_catalog,pg_database,491,1856,22064,22062,1,0,0,0,1,0,37,22517,267,35433,,,,
1416446671.26326,public,partsupp,10,40000000,28110,112350,8000000,0,0,0,8000000,0,666618,1343809,40370,66390,,,,
1416446671.26326,public,customer,11,10500000,41,7500036,1500000,0,0,0,1500000,0,103813,541851,17769,138,,,,
1416446671.26326,public,time_statistics,10,64,,,12,10,0,10,12,10,3,29,,,,,,
1416446671.26326,information_schema,sql_sizing,0,0,,,0,0,0,0,0,0,0,0,,,0,0,0,0
1416446671.26326,pg_toast,pg_toast_2620,0,0,0,0,0,0,0,0,0,0,0,0,0,0,,,,
1416446671.26326,pg_catalog,pg_depend,0,0,8765,9377,1642,0,1553,0,7106,9,1317,10478,2261,22849,,,,
1416446671.26326,pg_catalog,pg_language,0,0,0,0,0,0,0,0,0,0,0,0,0,0,,,,
1416446671.26326,public,lineitem,17,659965806,541856,136247873,60045669,0,0,0,60045489,0,12473948,23401683,500865,3102248,,,,
1416446671.26326,pg_catalog,pg_amproc,86,172,31782,93358,0,0,0,0,0,0,578,31010,282,69959,,,,
1416446671.26326,pg_catalog,pg_collation,0,0,0,0,0,0,0,0,0,0,0,0,0,0,,,,
1416446671.26326,pg_toast,pg_toast_12708,0,0,0,0,0,0,0,0,0,0,0,0,0,0,,,,
1416446671.26326,pg_catalog,pg_range,0,0,1528,0,0,0,0,0,0,0,0,0,501,2555,,,,
1416446671.26326,pg_toast,pg_toast_2609,0,0,0,0,0,0,0,0,0,0,0,0,0,0,,,,
1416446671.26326,pg_catalog,pg_opclass,86,86,42565,442944,0,0,0,0,0,0,205,176994,512,51539,,,,
1416446671.26326,pg_catalog,pg_rewrite,0,0,1697,1370,109,0,109,0,110,37,784,1354,386,2508,476,450,274,2158
1416446671.26326,pg_toast,pg_toast_1255,0,0,0,0,0,0,0,0,0,0,0,0,0,0,,,,
1416446671.26326,pg_catalog,pg_seclabel,0,0,912,0,0,0,0,0,0,0,0,0,98,814,0,0,0,0
1416446671.26326,pg_catalog,pg_ts_parser,0,0,0,0,0,0,0,0,0,0,0,0,0,0,,,,
1416446671.26326,pg_catalog,pg_trigger,0,0,0,0,0,0,0,0,0,0,0,0,0,0,0,0,0,0
1416446671.26326,pg_catalog,pg_shseclabel,0,0,0,0,0,0,0,0,0,0,0,0,0,0,,,,
1416446671.26326,pg_catalog,pg_event_trigger,0,0,403,0,0,0,0,0,0,0,0,0,102,301,,,,
1416446671.26326,pg_catalog,pg_foreign_table,0,0,0,0,0,0,0,0,0,0,0,0,0,0,,,,
1416446671.26326,pg_catalog,pg_extension,0,0,0,0,0,0,0,0,0,0,0,0,0,0,,,,
1416446671.26326,pg_catalog,pg_ts_config,0,0,0,0,0,0,0,0,0,0,0,0,0,0,,,,
1416446671.26326,pg_catalog,pg_shdescription,0,0,0,0,0,0,0,0,0,0,0,0,0,0,0,0,0,0
1416446671.26326,public,supplier,6,400000,3334113,3934107,100000,0,0,0,100000,0,6310,3363195,842,6685542,,,,
1416446671.26326,pg_catalog,pg_cast,0,0,215980,51569,0,0,0,0,0,0,225,51344,137,222114,,,,
1416446671.26326,pg_catalog,pg_amop,0,0,54064,94849,0,0,0,0,0,0,367,90693,863,114971,,,,
1416446671.26326,pg_catalog,pg_user_mapping,0,0,0,0,0,0,0,0,0,0,0,0,0,0,,,,
1416446671.26326,pg_catalog,pg_type,0,0,153644,152097,421,0,402,0,360,39,850,152978,1368,316052,,,,
1416446671.26326,information_schema,sql_parts,0,0,,,0,0,0,0,0,0,0,0,,,0,0,0,0
1416446671.26326,pg_catalog,pg_largeobject,0,0,0,0,0,0,0,0,0,0,0,0,0,0,,,,
1416446671.26326,pg_catalog,pg_ts_config_map,0,0,0,0,0,0,0,0,0,0,0,0,0,0,,,,
1416446671.26326,pg_catalog,pg_largeobject_metadata,0,0,0,0,0,0,0,0,0,0,0,0,0,0,,,,
1416446671.26326,pg_catalog,pg_am,9500,9500,0,0,0,0,0,0,0,0,64,9436,0,0,,,,
1416446671.26326,pg_toast,pg_toast_12718,0,0,0,0,0,0,0,0,0,0,0,0,0,0,,,,
1416446671.26326,pg_catalog,pg_ts_template,0,0,0,0,0,0,0,0,0,0,0,0,0,0,,,,
1416446671.26326,pg_catalog,pg_foreign_server,0,0,0,0,0,0,0,0,0,0,0,0,0,0,,,,
1416446671.26326,pg_catalog,pg_namespace,350,3474,34129,27610,10,0,0,0,10,0,79,27907,378,40812,,,,
1416446671.26326,pg_toast,pg_toast_2619,0,0,23674,81000,1385,0,1135,0,260,22,7863,31803,329,28264,,,,
1416446671.26326,pg_catalog,pg_authid,181,181,13114,13114,0,0,0,0,0,0,63,13232,280,25948,,,,
1416446671.26326,pg_catalog,pg_default_acl,0,0,852,0,0,0,0,0,0,0,0,0,89,763,,,,
1416446671.26326,pg_catalog,pg_shdepend,0,0,1137,224,0,0,0,0,0,0,102,122,409,1146,,,,
1416446671.26326,pg_catalog,pg_constraint,0,0,72,32,40,0,32,0,10,32,22,205,40,384,0,0,0,0
1416446671.26326,pg_catalog,pg_index,1027,101816,70109,100834,194,0,166,0,143,0,709,88005,432,80380,,,,
1416446671.26326,pg_catalog,pg_ts_dict,0,0,0,0,0,0,0,0,0,0,0,0,0,0,,,,
1416446671.26326,pg_toast,pg_toast_2604,0,0,0,0,0,0,0,0,0,0,0,0,0,0,,,,
1416446671.26326,pg_catalog,pg_proc,0,0,56935,84720,0,0,0,0,0,0,5349,56317,2133,124018,0,0,0,0
1416446731.2629,pg_catalog,pg_attrdef,0,0,0,0,0,0,0,0,0,0,0,0,0,0,0,0,0,0
1416446731.2629,pg_catalog,pg_db_role_setting,0,0,27356,0,0,0,0,0,0,0,0,0,59,27297,0,0,0,0
1416446731.2629,pg_toast,pg_toast_12713,0,0,0,0,0,0,0,0,0,0,0,0,0,0,,,,
1416446731.2629,pg_catalog,pg_rowsecurity,0,0,0,0,0,0,0,0,0,0,0,0,0,0,,,,
1416446731.2629,pg_catalog,pg_description,0,0,912,0,0,0,0,0,0,0,0,0,303,1724,0,0,0,0
1416446731.2629,pg_catalog,pg_foreign_data_wrapper,0,0,0,0,0,0,0,0,0,0,0,0,0,0,,,,
1416446731.2629,pg_catalog,pg_conversion,0,0,0,0,0,0,0,0,0,0,0,0,0,0,,,,
1416446731.2629,public,region,6351,31730,14,14,5,0,0,0,5,0,7,6363,6,14,,,,
1416446731.2629,pg_catalog,pg_class,2083,470828,165720,152535,407,109,369,102,337,57,1403,170820,1334,346999,,,,
1416446731.2629,information_schema,sql_implementation_info,0,0,,,0,0,0,0,0,0,0,0,,,0,0,0,0
1416446731.2629,pg_catalog,pg_opfamily,0,0,0,0,0,0,0,0,0,0,0,0,0,0,,,,
1416446731.2629,pg_catalog,pg_auth_members,0,0,0,0,0,0,0,0,0,0,0,0,0,0,,,,
1416446731.2629,pg_catalog,pg_operator,0,0,49688,258001,0,0,0,0,0,0,1115,178899,959,108028,,,,
1416446731.2629,information_schema,sql_languages,0,0,,,0,0,0,0,0,0,0,0,,,0,0,0,0
1416446731.2629,pg_toast,pg_toast_12693,0,0,0,0,0,0,0,0,0,0,0,0,0,0,,,,
1416446731.2629,pg_catalog,pg_attribute,473,3225,133321,299068,1540,50,1362,21,2514,10,3666,153905,1178,280516,,,,
1416446731.2629,public,orders,11,90030000,5210384,5210384,15015000,0,0,0,15015000,0,1273522,7014804,123581,15687917,,,,
1416446731.2629,pg_toast,pg_toast_12698,0,0,0,0,0,0,0,0,0,0,0,0,0,0,,,,
1416446731.2629,pg_catalog,pg_tablespace,2,4,4644,4644,0,0,0,0,0,0,101,4545,216,9100,,,,
1416446731.2629,pg_catalog,pg_statistic,0,0,34745,33136,381,860,318,549,464,23,2459,33745,372,75287,7870,31820,329,28305
1416446731.2629,pg_toast,pg_toast_12703,0,0,0,0,0,0,0,0,0,0,0,0,0,0,,,,
1416446731.2629,information_schema,sql_packages,0,0,,,0,0,0,0,0,0,0,0,,,0,0,0,0
1416446731.2629,information_schema,sql_sizing_profiles,0,0,,,0,0,0,0,0,0,0,0,,,0,0,0,0
1416446731.2629,pg_catalog,pg_aggregate,0,0,3428,3428,0,0,0,0,0,0,222,3206,514,5468,,,,
1416446731.2629,pg_catalog,pg_inherits,0,0,203,0,0,0,0,0,0,0,0,0,107,96,,,,
1416446731.2629,pg_catalog,pg_enum,0,0,0,0,0,0,0,0,0,0,0,0,0,0,,,,
1416446731.2629,pg_toast,pg_toast_2396,0,0,0,0,0,0,0,0,0,0,0,0,0,0,,,,
1416446731.2629,pg_catalog,pg_pltemplate,0,0,0,0,0,0,0,0,0,0,0,0,0,0,,,,
1416446731.2629,pg_toast,pg_toast_2618,0,0,758,2420,0,0,0,0,0,0,476,456,137,1087,,,,
1416446731.2629,pg_toast,pg_toast_3596,0,0,0,0,0,0,0,0,0,0,0,0,0,0,,,,
1416446731.2629,public,nation,19,200,25430,25430,25,0,0,0,25,0,8,25440,8,25437,,,,
1416446731.2629,information_schema,sql_features,0,0,,,0,0,0,0,0,0,0,0,,,0,0,0,0
1416446731.2629,public,part,10,16000000,52,2037106,2000000,0,0,0,2000000,0,190316,450102,48493,163,,,,
1416446731.2629,pg_toast,pg_toast_2606,0,0,0,0,0,0,0,0,0,0,0,0,0,0,,,,
1416446731.2629,pg_toast,pg_toast_12723,0,0,0,0,0,0,0,0,0,0,0,0,0,0,,,,
1416446731.2629,pg_toast,pg_toast_2964,0,0,0,0,0,0,0,0,0,0,0,0,0,0,,,,
1416446731.2629,pg_catalog,pg_database,494,1868,22111,22109,1,0,0,0,1,0,37,22567,267,35506,,,,
1416446731.2629,public,partsupp,10,40000000,28110,112350,8000000,0,0,0,8000000,0,666618,1343809,40370,66390,,,,
1416446731.2629,public,customer,12,12000000,43,7500038,1500000,0,0,0,1500000,0,103813,577131,17773,144,,,,
1416446731.2629,public,time_statistics,12,89,,,14,12,0,12,14,12,3,35,,,,,,
1416446731.2629,information_schema,sql_sizing,0,0,,,0,0,0,0,0,0,0,0,,,0,0,0,0
1416446731.2629,pg_toast,pg_toast_2620,0,0,0,0,0,0,0,0,0,0,0,0,0,0,,,,
1416446731.2629,pg_catalog,pg_depend,0,0,8765,9377,1642,0,1553,0,7106,9,1317,10478,2261,22849,,,,
1416446731.2629,pg_catalog,pg_language,0,0,0,0,0,0,0,0,0,0,0,0,0,0,,,,
1416446731.2629,public,lineitem,18,720011475,1988244,138444707,60045669,0,0,0,60045489,0,13008242,25394578,663681,8731079,,,,
1416446731.2629,pg_catalog,pg_amproc,86,172,31824,93454,0,0,0,0,0,0,578,31051,282,70054,,,,
1416446731.2629,pg_catalog,pg_collation,0,0,0,0,0,0,0,0,0,0,0,0,0,0,,,,
1416446731.2629,pg_toast,pg_toast_12708,0,0,0,0,0,0,0,0,0,0,0,0,0,0,,,,
1416446731.2629,pg_catalog,pg_range,0,0,1530,0,0,0,0,0,0,0,0,0,501,2559,,,,
1416446731.2629,pg_toast,pg_toast_2609,0,0,0,0,0,0,0,0,0,0,0,0,0,0,,,,
1416446731.2629,pg_catalog,pg_opclass,86,86,42615,443485,0,0,0,0,0,0,205,177208,512,51605,,,,
1416446731.2629,pg_catalog,pg_rewrite,0,0,1704,1377,109,0,109,0,110,37,784,1361,386,2520,476,456,274,2174
1416446731.2629,pg_toast,pg_toast_1255,0,0,0,0,0,0,0,0,0,0,0,0,0,0,,,,
1416446731.2629,pg_catalog,pg_seclabel,0,0,912,0,0,0,0,0,0,0,0,0,98,814,0,0,0,0
1416446731.2629,pg_catalog,pg_ts_parser,0,0,0,0,0,0,0,0,0,0,0,0,0,0,,,,
1416446731.2629,pg_catalog,pg_trigger,0,0,0,0,0,0,0,0,0,0,0,0,0,0,0,0,0,0
1416446731.2629,pg_catalog,pg_shseclabel,0,0,0,0,0,0,0,0,0,0,0,0,0,0,,,,
1416446731.2629,pg_catalog,pg_event_trigger,0,0,403,0,0,0,0,0,0,0,0,0,102,301,,,,
1416446731.2629,pg_catalog,pg_foreign_table,0,0,0,0,0,0,0,0,0,0,0,0,0,0,,,,
1416446731.2629,pg_catalog,pg_extension,0,0,0,0,0,0,0,0,0,0,0,0,0,0,,,,
1416446731.2629,pg_catalog,pg_ts_config,0,0,0,0,0,0,0,0,0,0,0,0,0,0,,,,
1416446731.2629,pg_catalog,pg_shdescription,0,0,0,0,0,0,0,0,0,0,0,0,0,0,0,0,0,0
1416446731.2629,public,supplier,6,400000,3334118,4034111,100000,0,0,0,100000,0,6310,3365378,845,6685552,,,,
1416446731.2629,pg_catalog,pg_cast,0,0,216203,51632,0,0,0,0,0,0,225,51407,137,222348,,,,
1416446731.2629,pg_catalog,pg_amop,0,0,54135,94973,0,0,0,0,0,0,367,90814,863,115127,,,,
1416446731.2629,pg_catalog,pg_user_mapping,0,0,0,0,0,0,0,0,0,0,0,0,0,0,,,,
1416446731.2629,pg_catalog,pg_type,0,0,153856,152307,421,0,402,0,360,39,850,153188,1370,316486,,,,
1416446731.2629,information_schema,sql_parts,0,0,,,0,0,0,0,0,0,0,0,,,0,0,0,0
1416446731.2629,pg_catalog,pg_largeobject,0,0,0,0,0,0,0,0,0,0,0,0,0,0,,,,
1416446731.2629,pg_catalog,pg_ts_config_map,0,0,0,0,0,0,0,0,0,0,0,0,0,0,,,,
1416446731.2629,pg_catalog,pg_largeobject_metadata,0,0,0,0,0,0,0,0,0,0,0,0,0,0,,,,
1416446731.2629,pg_catalog,pg_am,9513,9513,0,0,0,0,0,0,0,0,64,9449,0,0,,,,
1416446731.2629,pg_toast,pg_toast_12718,0,0,0,0,0,0,0,0,0,0,0,0,0,0,,,,
1416446731.2629,pg_catalog,pg_ts_template,0,0,0,0,0,0,0,0,0,0,0,0,0,0,,,,
1416446731.2629,pg_catalog,pg_foreign_server,0,0,0,0,0,0,0,0,0,0,0,0,0,0,,,,
1416446731.2629,pg_catalog,pg_namespace,352,3506,34303,27773,10,0,0,0,10,0,79,28072,378,40999,,,,
1416446731.2629,pg_toast,pg_toast_2619,0,0,23692,81058,1385,0,1135,0,260,22,7870,31820,329,28305,,,,
1416446731.2629,pg_catalog,pg_authid,182,182,13136,13136,0,0,0,0,0,0,63,13255,280,25992,,,,
1416446731.2629,pg_catalog,pg_default_acl,0,0,852,0,0,0,0,0,0,0,0,0,89,763,,,,
1416446731.2629,pg_catalog,pg_shdepend,0,0,1137,224,0,0,0,0,0,0,102,122,409,1146,,,,
1416446731.2629,pg_catalog,pg_constraint,0,0,72,32,40,0,32,0,10,32,22,205,40,384,0,0,0,0
1416446731.2629,pg_catalog,pg_index,1032,102531,70193,100948,194,0,166,0,143,0,709,88136,432,80482,,,,
1416446731.2629,pg_catalog,pg_ts_dict,0,0,0,0,0,0,0,0,0,0,0,0,0,0,,,,
1416446731.2629,pg_toast,pg_toast_2604,0,0,0,0,0,0,0,0,0,0,0,0,0,0,,,,
1416446731.2629,pg_catalog,pg_proc,0,0,57050,84872,0,0,0,0,0,0,5353,56443,2134,124269,0,0,0,0
1416446791.2652,pg_catalog,pg_attrdef,0,0,0,0,0,0,0,0,0,0,0,0,0,0,0,0,0,0
1416446791.2652,pg_catalog,pg_db_role_setting,0,0,27420,0,0,0,0,0,0,0,0,0,59,27361,0,0,0,0
1416446791.2652,pg_toast,pg_toast_12713,0,0,0,0,0,0,0,0,0,0,0,0,0,0,,,,
1416446791.2652,pg_catalog,pg_rowsecurity,0,0,0,0,0,0,0,0,0,0,0,0,0,0,,,,
1416446791.2652,pg_catalog,pg_description,0,0,912,0,0,0,0,0,0,0,0,0,303,1724,0,0,0,0
1416446791.2652,pg_catalog,pg_foreign_data_wrapper,0,0,0,0,0,0,0,0,0,0,0,0,0,0,,,,
1416446791.2652,pg_catalog,pg_conversion,0,0,0,0,0,0,0,0,0,0,0,0,0,0,,,,
1416446791.2652,public,region,6351,31730,14,14,5,0,0,0,5,0,7,6363,6,14,,,,
1416446791.2652,pg_catalog,pg_class,2093,473878,166204,153005,407,109,369,102,337,57,1403,171391,1334,348003,,,,
1416446791.2652,information_schema,sql_implementation_info,0,0,,,0,0,0,0,0,0,0,0,,,0,0,0,0
1416446791.2652,pg_catalog,pg_opfamily,0,0,0,0,0,0,0,0,0,0,0,0,0,0,,,,
1416446791.2652,pg_catalog,pg_auth_members,0,0,0,0,0,0,0,0,0,0,0,0,0,0,,,,
1416446791.2652,pg_catalog,pg_operator,0,0,49759,258351,0,0,0,0,0,0,1115,179140,959,108192,,,,
1416446791.2652,information_schema,sql_languages,0,0,,,0,0,0,0,0,0,0,0,,,0,0,0,0
1416446791.2652,pg_toast,pg_toast_12693,0,0,0,0,0,0,0,0,0,0,0,0,0,0,,,,
1416446791.2652,pg_catalog,pg_attribute,473,3225,133647,299681,1540,50,1362,21,2514,10,3669,154251,1178,281190,,,,
1416446791.2652,public,orders,12,105045000,5210387,20225386,15015000,0,0,0,15015000,0,1274195,7521177,123592,15687926,,,,
1416446791.2652,pg_toast,pg_toast_12698,0,0,0,0,0,0,0,0,0,0,0,0,0,0,,,,
1416446791.2652,pg_catalog,pg_tablespace,2,4,4655,4655,0,0,0,0,0,0,101,4556,216,9122,,,,
1416446791.2652,pg_catalog,pg_statistic,0,0,34808,33182,381,860,318,549,464,23,2462,33788,372,75425,7888,31840,329,28363
1416446791.2652,pg_toast,pg_toast_12703,0,0,0,0,0,0,0,0,0,0,0,0,0,0,,,,
1416446791.2652,information_schema,sql_packages,0,0,,,0,0,0,0,0,0,0,0,,,0,0,0,0
1416446791.2652,information_schema,sql_sizing_profiles,0,0,,,0,0,0,0,0,0,0,0,,,0,0,0,0
1416446791.2652,pg_catalog,pg_aggregate,0,0,3434,3434,0,0,0,0,0,0,222,3212,514,5478,,,,
1416446791.2652,pg_catalog,pg_inherits,0,0,203,0,0,0,0,0,0,0,0,0,107,96,,,,
1416446791.2652,pg_catalog,pg_enum,0,0,0,0,0,0,0,0,0,0,0,0,0,0,,,,
1416446791.2652,pg_toast,pg_toast_2396,0,0,0,0,0,0,0,0,0,0,0,0,0,0,,,,
1416446791.2652,pg_catalog,pg_pltemplate,0,0,0,0,0,0,0,0,0,0,0,0,0,0,,,,
1416446791.2652,pg_toast,pg_toast_2618,0,0,764,2438,0,0,0,0,0,0,477,462,137,1097,,,,
1416446791.2652,pg_toast,pg_toast_3596,0,0,0,0,0,0,0,0,0,0,0,0,0,0,,,,
1416446791.2652,public,nation,19,200,25430,25430,25,0,0,0,25,0,8,25440,8,25437,,,,
1416446791.2652,information_schema,sql_features,0,0,,,0,0,0,0,0,0,0,0,,,0,0,0,0
1416446791.2652,public,part,10,16000000,62,4037108,2000000,0,0,0,2000000,0,230838,450104,48504,172,,,,
1416446791.2652,pg_toast,pg_toast_2606,0,0,0,0,0,0,0,0,0,0,0,0,0,0,,,,
1416446791.2652,pg_toast,pg_toast_12723,0,0,0,0,0,0,0,0,0,0,0,0,0,0,,,,
1416446791.2652,pg_toast,pg_toast_2964,0,0,0,0,0,0,0,0,0,0,0,0,0,0,,,,
1416446791.2652,pg_catalog,pg_database,497,1880,22166,22164,1,0,0,0,1,0,37,22625,267,35593,,,,
1416446791.2652,public,partsupp,11,48000000,28112,112352,8000000,0,0,0,8000000,0,837576,1343811,40376,66391,,,,
1416446791.2652,public,customer,12,12000000,64,8372386,1500000,0,0,0,1500000,0,103813,682859,20520,184,,,,
1416446791.2652,public,time_statistics,15,134,,,17,15,0,15,17,15,3,44,,,,,,
1416446791.2652,information_schema,sql_sizing,0,0,,,0,0,0,0,0,0,0,0,,,0,0,0,0
1416446791.2652,pg_toast,pg_toast_2620,0,0,0,0,0,0,0,0,0,0,0,0,0,0,,,,
1416446791.2652,pg_catalog,pg_depend,0,0,8765,9377,1642,0,1553,0,7106,9,1317,10478,2261,22849,,,,
1416446791.2652,pg_catalog,pg_language,0,0,0,0,0,0,0,0,0,0,0,0,0,0,,,,
1416446791.2652,public,lineitem,18,720011475,1988247,198490378,60045669,0,0,0,60045489,0,13911979,25557316,663718,8731101,,,,
1416446791.2652,pg_catalog,pg_amproc,86,172,31888,93587,0,0,0,0,0,0,578,31114,282,70197,,,,
1416446791.2652,pg_catalog,pg_collation,0,0,0,0,0,0,0,0,0,0,0,0,0,0,,,,
1416446791.2652,pg_toast,pg_toast_12708,0,0,0,0,0,0,0,0,0,0,0,0,0,0,,,,
1416446791.2652,pg_catalog,pg_range,0,0,1533,0,0,0,0,0,0,0,0,0,501,2565,,,,
1416446791.2652,pg_toast,pg_toast_2609,0,0,0,0,0,0,0,0,0,0,0,0,0,0,,,,
1416446791.2652,pg_catalog,pg_opclass,86,86,42693,444378,0,0,0,0,0,0,205,177562,512,51705,,,,
1416446791.2652,pg_catalog,pg_rewrite,0,0,1712,1385,109,0,109,0,110,37,784,1369,386,2534,477,462,274,2194
1416446791.2652,pg_toast,pg_toast_1255,0,0,0,0,0,0,0,0,0,0,0,0,0,0,,,,
1416446791.2652,pg_catalog,pg_seclabel,0,0,912,0,0,0,0,0,0,0,0,0,98,814,0,0,0,0
1416446791.2652,pg_catalog,pg_ts_parser,0,0,0,0,0,0,0,0,0,0,0,0,0,0,,,,
1416446791.2652,pg_catalog,pg_trigger,0,0,0,0,0,0,0,0,0,0,0,0,0,0,0,0,0,0
1416446791.2652,pg_catalog,pg_shseclabel,0,0,0,0,0,0,0,0,0,0,0,0,0,0,,,,
1416446791.2652,pg_catalog,pg_event_trigger,0,0,403,0,0,0,0,0,0,0,0,0,102,301,,,,
1416446791.2652,pg_catalog,pg_foreign_table,0,0,0,0,0,0,0,0,0,0,0,0,0,0,,,,
1416446791.2652,pg_catalog,pg_extension,0,0,0,0,0,0,0,0,0,0,0,0,0,0,,,,
1416446791.2652,pg_catalog,pg_ts_config,0,0,0,0,0,0,0,0,0,0,0,0,0,0,,,,
1416446791.2652,pg_catalog,pg_shdescription,0,0,0,0,0,0,0,0,0,0,0,0,0,0,0,0,0,0
1416446791.2652,public,supplier,6,400000,3334119,4034167,100000,0,0,0,100000,0,6310,3365433,848,6685552,,,,
1416446791.2652,pg_catalog,pg_cast,0,0,216628,51729,0,0,0,0,0,0,225,51504,137,222788,,,,
1416446791.2652,pg_catalog,pg_amop,0,0,54247,95172,0,0,0,0,0,0,367,91005,864,115369,,,,
1416446791.2652,pg_catalog,pg_user_mapping,0,0,0,0,0,0,0,0,0,0,0,0,0,0,,,,
1416446791.2652,pg_catalog,pg_type,0,0,154193,152642,421,0,402,0,360,39,850,153523,1370,317177,,,,
1416446791.2652,information_schema,sql_parts,0,0,,,0,0,0,0,0,0,0,0,,,0,0,0,0
1416446791.2652,pg_catalog,pg_largeobject,0,0,0,0,0,0,0,0,0,0,0,0,0,0,,,,
1416446791.2652,pg_catalog,pg_ts_config_map,0,0,0,0,0,0,0,0,0,0,0,0,0,0,,,,
1416446791.2652,pg_catalog,pg_largeobject_metadata,0,0,0,0,0,0,0,0,0,0,0,0,0,0,,,,
1416446791.2652,pg_catalog,pg_am,9532,9532,0,0,0,0,0,0,0,0,64,9468,0,0,,,,
1416446791.2652,pg_toast,pg_toast_12718,0,0,0,0,0,0,0,0,0,0,0,0,0,0,,,,
1416446791.2652,pg_catalog,pg_ts_template,0,0,0,0,0,0,0,0,0,0,0,0,0,0,,,,
1416446791.2652,pg_catalog,pg_foreign_server,0,0,0,0,0,0,0,0,0,0,0,0,0,0,,,,
1416446791.2652,pg_catalog,pg_namespace,354,3538,34488,27943,10,0,0,0,10,0,79,28244,378,41201,,,,
1416446791.2652,pg_toast,pg_toast_2619,0,0,23718,81144,1385,0,1135,0,260,22,7888,31840,329,28363,,,,
1416446791.2652,pg_catalog,pg_authid,183,183,13164,13164,0,0,0,0,0,0,63,13284,280,26048,,,,
1416446791.2652,pg_catalog,pg_default_acl,0,0,852,0,0,0,0,0,0,0,0,0,89,763,,,,
1416446791.2652,pg_catalog,pg_shdepend,0,0,1137,224,0,0,0,0,0,0,102,122,409,1146,,,,
1416446791.2652,pg_catalog,pg_constraint,0,0,72,32,40,0,32,0,10,32,22,205,40,384,0,0,0,0
1416446791.2652,pg_catalog,pg_index,1037,103246,70303,101099,194,0,166,0,143,0,709,88302,432,80617,,,,
1416446791.2652,pg_catalog,pg_ts_dict,0,0,0,0,0,0,0,0,0,0,0,0,0,0,,,,
1416446791.2652,pg_toast,pg_toast_2604,0,0,0,0,0,0,0,0,0,0,0,0,0,0,,,,
1416446791.2652,pg_catalog,pg_proc,0,0,57197,85086,0,0,0,0,0,0,5357,56607,2137,124590,0,0,0,0
1416446851.26872,pg_catalog,pg_attrdef,0,0,0,0,0,0,0,0,0,0,0,0,0,0,0,0,0,0
1416446851.26872,pg_catalog,pg_db_role_setting,0,0,27472,0,0,0,0,0,0,0,0,0,59,27413,0,0,0,0
1416446851.26872,pg_toast,pg_toast_12713,0,0,0,0,0,0,0,0,0,0,0,0,0,0,,,,
1416446851.26872,pg_catalog,pg_rowsecurity,0,0,0,0,0,0,0,0,0,0,0,0,0,0,,,,
1416446851.26872,pg_catalog,pg_description,0,0,912,0,0,0,0,0,0,0,0,0,303,1724,0,0,0,0
1416446851.26872,pg_catalog,pg_foreign_data_wrapper,0,0,0,0,0,0,0,0,0,0,0,0,0,0,,,,
1416446851.26872,pg_catalog,pg_conversion,0,0,0,0,0,0,0,0,0,0,0,0,0,0,,,,
1416446851.26872,public,region,6351,31730,14,14,5,0,0,0,5,0,7,6363,6,14,,,,
1416446851.26872,pg_catalog,pg_class,2103,476928,166620,153412,407,109,369,102,337,57,1404,171898,1334,348862,,,,
1416446851.26872,information_schema,sql_implementation_info,0,0,,,0,0,0,0,0,0,0,0,,,0,0,0,0
1416446851.26872,pg_catalog,pg_opfamily,0,0,0,0,0,0,0,0,0,0,0,0,0,0,,,,
1416446851.26872,pg_catalog,pg_auth_members,0,0,0,0,0,0,0,0,0,0,0,0,0,0,,,,
1416446851.26872,pg_catalog,pg_operator,0,0,49807,258545,0,0,0,0,0,0,1115,179279,959,108303,,,,
1416446851.26872,information_schema,sql_languages,0,0,,,0,0,0,0,0,0,0,0,,,0,0,0,0
1416446851.26872,pg_toast,pg_toast_12693,0,0,0,0,0,0,0,0,0,0,0,0,0,0,,,,
1416446851.26872,pg_catalog,pg_attribute,473,3225,133895,300119,1540,50,1362,21,2514,10,3673,154511,1178,281699,,,,
1416446851.26872,public,orders,12,105045000,5210390,35240388,15015000,0,0,0,15015000,0,1274874,7774022,123600,15687937,,,,
1416446851.26872,pg_toast,pg_toast_12698,0,0,0,0,0,0,0,0,0,0,0,0,0,0,,,,
1416446851.26872,pg_catalog,pg_tablespace,2,4,4664,4664,0,0,0,0,0,0,101,4565,216,9140,,,,
1416446851.26872,pg_catalog,pg_statistic,0,0,34849,33213,381,860,318,549,464,23,2466,33815,372,75515,7897,31854,329,28404
1416446851.26872,pg_toast,pg_toast_12703,0,0,0,0,0,0,0,0,0,0,0,0,0,0,,,,
1416446851.26872,information_schema,sql_packages,0,0,,,0,0,0,0,0,0,0,0,,,0,0,0,0
1416446851.26872,information_schema,sql_sizing_profiles,0,0,,,0,0,0,0,0,0,0,0,,,0,0,0,0
1416446851.26872,pg_catalog,pg_aggregate,0,0,3437,3437,0,0,0,0,0,0,222,3215,514,5484,,,,
1416446851.26872,pg_catalog,pg_inherits,0,0,203,0,0,0,0,0,0,0,0,0,107,96,,,,
1416446851.26872,pg_catalog,pg_enum,0,0,0,0,0,0,0,0,0,0,0,0,0,0,,,,
1416446851.26872,pg_toast,pg_toast_2396,0,0,0,0,0,0,0,0,0,0,0,0,0,0,,,,
1416446851.26872,pg_catalog,pg_pltemplate,0,0,0,0,0,0,0,0,0,0,0,0,0,0,,,,
1416446851.26872,pg_toast,pg_toast_2618,0,0,768,2452,0,0,0,0,0,0,480,464,137,1103,,,,
1416446851.26872,pg_toast,pg_toast_3596,0,0,0,0,0,0,0,0,0,0,0,0,0,0,,,,
1416446851.26872,public,nation,21,250,25434,25434,25,0,0,0,25,0,9,25445,10,25440,,,,
1416446851.26872,information_schema,sql_features,0,0,,,0,0,0,0,0,0,0,0,,,0,0,0,0
1416446851.26872,public,part,10,16000000,62,4037108,2000000,0,0,0,2000000,0,230838,450104,48504,172,,,,
1416446851.26872,pg_toast,pg_toast_2606,0,0,0,0,0,0,0,0,0,0,0,0,0,0,,,,
1416446851.26872,pg_toast,pg_toast_12723,0,0,0,0,0,0,0,0,0,0,0,0,0,0,,,,
1416446851.26872,pg_toast,pg_toast_2964,0,0,0,0,0,0,0,0,0,0,0,0,0,0,,,,
1416446851.26872,pg_catalog,pg_database,500,1892,22211,22209,1,0,0,0,1,0,37,22673,267,35664,,,,
1416446851.26872,public,partsupp,13,64000000,28112,112352,8000000,0,0,0,8000000,0,1008532,1514771,40377,66391,,,,
1416446851.26872,public,customer,12,12000000,64,8372386,1500000,0,0,0,1500000,0,103813,682859,20520,184,,,,
1416446851.26872,public,time_statistics,17,169,,,19,17,0,17,19,17,3,50,,,,,,
1416446851.26872,information_schema,sql_sizing,0,0,,,0,0,0,0,0,0,0,0,,,0,0,0,0
1416446851.26872,pg_toast,pg_toast_2620,0,0,0,0,0,0,0,0,0,0,0,0,0,0,,,,
1416446851.26872,pg_catalog,pg_depend,0,0,8765,9377,1642,0,1553,0,7106,9,1317,10478,2261,22849,,,,
1416446851.26872,pg_catalog,pg_language,0,0,0,0,0,0,0,0,0,0,0,0,0,0,,,,
1416446851.26872,public,lineitem,18,720011475,2549908,199303618,60045669,0,0,0,60045489,0,14355583,25680207,822522,10821290,,,,
1416446851.26872,pg_catalog,pg_amproc,86,172,31923,93668,0,0,0,0,0,0,578,31148,282,70280,,,,
1416446851.26872,pg_catalog,pg_collation,0,0,0,0,0,0,0,0,0,0,0,0,0,0,,,,
1416446851.26872,pg_toast,pg_toast_12708,0,0,0,0,0,0,0,0,0,0,0,0,0,0,,,,
1416446851.26872,pg_catalog,pg_range,0,0,1535,0,0,0,0,0,0,0,0,0,501,2569,,,,
1416446851.26872,pg_toast,pg_toast_2609,0,0,0,0,0,0,0,0,0,0,0,0,0,0,,,,
1416446851.26872,pg_catalog,pg_opclass,86,86,42735,444830,0,0,0,0,0,0,205,177740,512,51764,,,,
1416446851.26872,pg_catalog,pg_rewrite,0,0,1718,1391,109,0,109,0,110,37,787,1372,386,2544,480,464,274,2206
1416446851.26872,pg_toast,pg_toast_1255,0,0,0,0,0,0,0,0,0,0,0,0,0,0,,,,
1416446851.26872,pg_catalog,pg_seclabel,0,0,912,0,0,0,0,0,0,0,0,0,98,814,0,0,0,0
1416446851.26872,pg_catalog,pg_ts_parser,0,0,0,0,0,0,0,0,0,0,0,0,0,0,,,,
1416446851.26872,pg_catalog,pg_trigger,0,0,0,0,0,0,0,0,0,0,0,0,0,0,0,0,0,0
1416446851.26872,pg_catalog,pg_shseclabel,0,0,0,0,0,0,0,0,0,0,0,0,0,0,,,,
1416446851.26872,pg_catalog,pg_event_trigger,0,0,403,0,0,0,0,0,0,0,0,0,102,301,,,,
1416446851.26872,pg_catalog,pg_foreign_table,0,0,0,0,0,0,0,0,0,0,0,0,0,0,,,,
1416446851.26872,pg_catalog,pg_extension,0,0,0,0,0,0,0,0,0,0,0,0,0,0,,,,
1416446851.26872,pg_catalog,pg_ts_config,0,0,0,0,0,0,0,0,0,0,0,0,0,0,,,,
1416446851.26872,pg_catalog,pg_shdescription,0,0,0,0,0,0,0,0,0,0,0,0,0,0,0,0,0,0
1416446851.26872,public,supplier,6,400000,3334129,4234175,100000,0,0,0,100000,0,8429,3367680,856,6685568,,,,
1416446851.26872,pg_catalog,pg_cast,0,0,216845,51788,0,0,0,0,0,0,225,51563,137,223015,,,,
1416446851.26872,pg_catalog,pg_amop,0,0,54304,95271,0,0,0,0,0,0,367,91102,864,115495,,,,
1416446851.26872,pg_catalog,pg_user_mapping,0,0,0,0,0,0,0,0,0,0,0,0,0,0,,,,
1416446851.26872,pg_catalog,pg_type,0,0,154395,152844,421,0,402,0,360,39,850,153725,1370,317592,,,,
1416446851.26872,information_schema,sql_parts,0,0,,,0,0,0,0,0,0,0,0,,,0,0,0,0
1416446851.26872,pg_catalog,pg_largeobject,0,0,0,0,0,0,0,0,0,0,0,0,0,0,,,,
1416446851.26872,pg_catalog,pg_ts_config_map,0,0,0,0,0,0,0,0,0,0,0,0,0,0,,,,
1416446851.26872,pg_catalog,pg_largeobject_metadata,0,0,0,0,0,0,0,0,0,0,0,0,0,0,,,,
1416446851.26872,pg_catalog,pg_am,9546,9546,0,0,0,0,0,0,0,0,64,9482,0,0,,,,
1416446851.26872,pg_toast,pg_toast_12718,0,0,0,0,0,0,0,0,0,0,0,0,0,0,,,,
1416446851.26872,pg_catalog,pg_ts_template,0,0,0,0,0,0,0,0,0,0,0,0,0,0,,,,
1416446851.26872,pg_catalog,pg_foreign_server,0,0,0,0,0,0,0,0,0,0,0,0,0,0,,,,
1416446851.26872,pg_catalog,pg_namespace,356,3570,34660,28105,10,0,0,0,10,0,79,28408,378,41385,,,,
1416446851.26872,pg_toast,pg_toast_2619,0,0,23736,81194,1385,0,1135,0,260,22,7897,31854,329,28404,,,,
1416446851.26872,pg_catalog,pg_authid,184,184,13186,13186,0,0,0,0,0,0,63,13307,280,26092,,,,
1416446851.26872,pg_catalog,pg_default_acl,0,0,852,0,0,0,0,0,0,0,0,0,89,763,,,,
1416446851.26872,pg_catalog,pg_shdepend,0,0,1137,224,0,0,0,0,0,0,102,122,409,1146,,,,
1416446851.26872,pg_catalog,pg_constraint,0,0,72,32,40,0,32,0,10,32,22,205,40,384,0,0,0,0
1416446851.26872,pg_catalog,pg_index,1042,103961,70376,101195,194,0,166,0,143,0,709,88417,432,80708,,,,
1416446851.26872,pg_catalog,pg_ts_dict,0,0,0,0,0,0,0,0,0,0,0,0,0,0,,,,
1416446851.26872,pg_toast,pg_toast_2604,0,0,0,0,0,0,0,0,0,0,0,0,0,0,,,,
1416446851.26872,pg_catalog,pg_proc,0,0,57304,85229,0,0,0,0,0,0,5362,56721,2137,124824,0,0,0,0
1416446911.27433,pg_catalog,pg_attrdef,0,0,0,0,0,0,0,0,0,0,0,0,0,0,0,0,0,0
1416446911.27433,pg_catalog,pg_db_role_setting,0,0,27512,0,0,0,0,0,0,0,0,0,59,27453,0,0,0,0
1416446911.27433,pg_toast,pg_toast_12713,0,0,0,0,0,0,0,0,0,0,0,0,0,0,,,,
1416446911.27433,pg_catalog,pg_rowsecurity,0,0,0,0,0,0,0,0,0,0,0,0,0,0,,,,
1416446911.27433,pg_catalog,pg_description,0,0,916,0,0,0,0,0,0,0,0,0,306,1730,0,0,0,0
1416446911.27433,pg_catalog,pg_foreign_data_wrapper,0,0,0,0,0,0,0,0,0,0,0,0,0,0,,,,
1416446911.27433,pg_catalog,pg_conversion,0,0,0,0,0,0,0,0,0,0,0,0,0,0,,,,
1416446911.27433,public,region,6351,31730,14,14,5,0,0,0,5,0,7,6363,6,14,,,,
1416446911.27433,pg_catalog,pg_class,2113,479978,167025,153810,408,110,370,103,337,58,1408,172400,1340,349692,,,,
1416446911.27433,information_schema,sql_implementation_info,0,0,,,0,0,0,0,0,0,0,0,,,0,0,0,0
1416446911.27433,pg_catalog,pg_opfamily,0,0,0,0,0,0,0,0,0,0,0,0,0,0,,,,
1416446911.27433,pg_catalog,pg_auth_members,0,0,0,0,0,0,0,0,0,0,0,0,0,0,,,,
1416446911.27433,pg_catalog,pg_operator,0,0,49845,258684,0,0,0,0,0,0,1115,179378,960,108390,,,,
1416446911.27433,information_schema,sql_languages,0,0,,,0,0,0,0,0,0,0,0,,,0,0,0,0
1416446911.27433,pg_toast,pg_toast_12693,0,0,0,0,0,0,0,0,0,0,0,0,0,0,,,,
1416446911.27433,pg_catalog,pg_attribute,473,3225,134148,300579,1542,50,1364,21,2514,12,3694,154758,1183,282219,,,,
1416446911.27433,public,orders,12,105045000,5210390,35240388,15015000,0,0,0,15015000,0,1274874,7774022,123600,15687937,,,,
1416446911.27433,pg_toast,pg_toast_12698,0,0,0,0,0,0,0,0,0,0,0,0,0,0,,,,
1416446911.27433,pg_catalog,pg_tablespace,2,4,4671,4671,0,0,0,0,0,0,101,4572,216,9154,,,,
1416446911.27433,pg_catalog,pg_statistic,0,0,34886,33240,381,860,318,549,464,23,2473,33835,374,75594,7909,31863,329,28432
1416446911.27433,pg_toast,pg_toast_12703,0,0,0,0,0,0,0,0,0,0,0,0,0,0,,,,
1416446911.27433,information_schema,sql_packages,0,0,,,0,0,0,0,0,0,0,0,,,0,0,0,0
1416446911.27433,information_schema,sql_sizing_profiles,0,0,,,0,0,0,0,0,0,0,0,,,0,0,0,0
1416446911.27433,pg_catalog,pg_aggregate,0,0,3440,3440,0,0,0,0,0,0,222,3218,514,5489,,,,
1416446911.27433,pg_catalog,pg_inherits,0,0,204,0,0,0,0,0,0,0,0,0,108,96,,,,
1416446911.27433,pg_catalog,pg_enum,0,0,0,0,0,0,0,0,0,0,0,0,0,0,,,,
1416446911.27433,pg_toast,pg_toast_2396,0,0,0,0,0,0,0,0,0,0,0,0,0,0,,,,
1416446911.27433,pg_catalog,pg_pltemplate,0,0,0,0,0,0,0,0,0,0,0,0,0,0,,,,
1416446911.27433,pg_toast,pg_toast_2618,0,0,773,2468,0,0,0,0,0,0,485,465,139,1109,,,,
1416446911.27433,pg_toast,pg_toast_3596,0,0,0,0,0,0,0,0,0,0,0,0,0,0,,,,
1416446911.27433,public,nation,21,250,25434,25434,25,0,0,0,25,0,9,25445,10,25440,,,,
1416446911.27433,information_schema,sql_features,0,0,,,0,0,0,0,0,0,0,0,,,0,0,0,0
1416446911.27433,public,part,10,16000000,62,4037108,2000000,0,0,0,2000000,0,230838,450104,48504,172,,,,
1416446911.27433,pg_toast,pg_toast_2606,0,0,0,0,0,0,0,0,0,0,0,0,0,0,,,,
1416446911.27433,pg_toast,pg_toast_12723,0,0,0,0,0,0,0,0,0,0,0,0,0,0,,,,
1416446911.27433,pg_toast,pg_toast_2964,0,0,0,0,0,0,0,0,0,0,0,0,0,0,,,,
1416446911.27433,pg_catalog,pg_database,503,1904,22249,22247,1,0,0,0,1,0,37,22714,267,35722,,,,
1416446911.27433,public,partsupp,13,64000000,28112,112352,8000000,0,0,0,8000000,0,1008532,1514771,40377,66391,,,,
1416446911.27433,public,customer,12,12000000,64,8372386,1500000,0,0,0,1500000,0,103813,682859,20520,184,,,,
1416446911.27433,public,time_statistics,18,188,,,20,18,0,18,20,18,3,53,,,,,,
1416446911.27433,information_schema,sql_sizing,0,0,,,0,0,0,0,0,0,0,0,,,0,0,0,0
1416446911.27433,pg_toast,pg_toast_2620,0,0,0,0,0,0,0,0,0,0,0,0,0,0,,,,
1416446911.27433,pg_catalog,pg_depend,0,0,8809,9429,1651,0,1562,0,7106,18,1333,10524,2284,22952,,,,
1416446911.27433,pg_catalog,pg_language,0,0,0,0,0,0,0,0,0,0,0,0,0,0,,,,
1416446911.27433,public,lineitem,18,720011475,2549910,319394956,60045669,0,0,0,60045489,0,16483301,25685435,822586,10821326,,,,
1416446911.27433,pg_catalog,pg_amproc,86,172,31948,93727,0,0,0,0,0,0,578,31173,282,70336,,,,
1416446911.27433,pg_catalog,pg_collation,0,0,0,0,0,0,0,0,0,0,0,0,0,0,,,,
1416446911.27433,pg_toast,pg_toast_12708,0,0,0,0,0,0,0,0,0,0,0,0,0,0,,,,
1416446911.27433,pg_catalog,pg_range,0,0,1536,0,0,0,0,0,0,0,0,0,503,2569,,,,
1416446911.27433,pg_toast,pg_toast_2609,0,0,0,0,0,0,0,0,0,0,0,0,0,0,,,,
1416446911.27433,pg_catalog,pg_opclass,86,86,42763,445106,0,0,0,0,0,0,205,177848,512,51802,,,,
1416446911.27433,pg_catalog,pg_rewrite,0,0,1731,1401,110,0,110,0,110,38,797,1378,389,2563,485,465,278,2218
1416446911.27433,pg_toast,pg_toast_1255,0,0,0,0,0,0,0,0,0,0,0,0,0,0,,,,
1416446911.27433,pg_catalog,pg_seclabel,0,0,916,0,0,0,0,0,0,0,0,0,99,817,0,0,0,0
1416446911.27433,pg_catalog,pg_ts_parser,0,0,0,0,0,0,0,0,0,0,0,0,0,0,,,,
1416446911.27433,pg_catalog,pg_trigger,0,0,0,0,0,0,0,0,0,0,0,0,0,0,0,0,0,0
1416446911.27433,pg_catalog,pg_shseclabel,0,0,0,0,0,0,0,0,0,0,0,0,0,0,,,,
1416446911.27433,pg_catalog,pg_event_trigger,0,0,404,0,0,0,0,0,0,0,0,0,103,301,,,,
1416446911.27433,pg_catalog,pg_foreign_table,0,0,0,0,0,0,0,0,0,0,0,0,0,0,,,,
1416446911.27433,pg_catalog,pg_extension,0,0,0,0,0,0,0,0,0,0,0,0,0,0,,,,
1416446911.27433,pg_catalog,pg_ts_config,0,0,0,0,0,0,0,0,0,0,0,0,0,0,,,,
1416446911.27433,pg_catalog,pg_shdescription,0,0,0,0,0,0,0,0,0,0,0,0,0,0,0,0,0,0
1416446911.27433,public,supplier,6,400000,3334130,4295157,100000,0,0,0,100000,0,9758,3367846,1022,6685572,,,,
1416446911.27433,pg_catalog,pg_cast,0,0,216996,51838,0,0,0,0,0,0,225,51613,137,223174,,,,
1416446911.27433,pg_catalog,pg_amop,0,0,54350,95346,0,0,0,0,0,0,367,91176,864,115598,,,,
1416446911.27433,pg_catalog,pg_user_mapping,0,0,0,0,0,0,0,0,0,0,0,0,0,0,,,,
1416446911.27433,pg_catalog,pg_type,0,0,154570,153014,423,0,404,0,360,41,854,153900,1375,317954,,,,
1416446911.27433,information_schema,sql_parts,0,0,,,0,0,0,0,0,0,0,0,,,0,0,0,0
1416446911.27433,pg_catalog,pg_largeobject,0,0,0,0,0,0,0,0,0,0,0,0,0,0,,,,
1416446911.27433,pg_catalog,pg_ts_config_map,0,0,0,0,0,0,0,0,0,0,0,0,0,0,,,,
1416446911.27433,pg_catalog,pg_largeobject_metadata,0,0,0,0,0,0,0,0,0,0,0,0,0,0,,,,
1416446911.27433,pg_catalog,pg_am,9553,9553,0,0,0,0,0,0,0,0,64,9489,0,0,,,,
1416446911.27433,pg_toast,pg_toast_12718,0,0,0,0,0,0,0,0,0,0,0,0,0,0,,,,
1416446911.27433,pg_catalog,pg_ts_template,0,0,0,0,0,0,0,0,0,0,0,0,0,0,,,,
1416446911.27433,pg_catalog,pg_foreign_server,0,0,0,0,0,0,0,0,0,0,0,0,0,0,,,,
1416446911.27433,pg_catalog,pg_namespace,358,3602,34828,28265,10,0,0,0,10,0,79,28570,379,41563,,,,
1416446911.27433,pg_toast,pg_toast_2619,0,0,23748,81243,1385,0,1135,0,260,22,7909,31863,329,28432,,,,
1416446911.27433,pg_catalog,pg_authid,185,185,13202,13202,0,0,0,0,0,0,63,13324,280,26124,,,,
1416446911.27433,pg_catalog,pg_default_acl,0,0,856,0,0,0,0,0,0,0,0,0,90,766,,,,
1416446911.27433,pg_catalog,pg_shdepend,0,0,1142,225,0,0,0,0,0,0,103,122,413,1149,,,,
1416446911.27433,pg_catalog,pg_constraint,0,0,72,32,40,0,32,0,10,32,22,205,40,384,0,0,0,0
1416446911.27433,pg_catalog,pg_index,1047,104676,70450,101297,194,0,166,0,143,0,709,88531,432,80794,,,,
1416446911.27433,pg_catalog,pg_ts_dict,0,0,0,0,0,0,0,0,0,0,0,0,0,0,,,,
1416446911.27433,pg_toast,pg_toast_2604,0,0,0,0,0,0,0,0,0,0,0,0,0,0,,,,
1416446911.27433,pg_catalog,pg_proc,0,0,57406,85393,0,0,0,0,0,0,5376,56834,2141,125040,0,0,0,0
1416446971.27552,pg_catalog,pg_attrdef,0,0,0,0,0,0,0,0,0,0,0,0,0,0,0,0,0,0
1416446971.27552,pg_catalog,pg_db_role_setting,0,0,27552,0,0,0,0,0,0,0,0,0,59,27493,0,0,0,0
1416446971.27552,pg_toast,pg_toast_12713,0,0,0,0,0,0,0,0,0,0,0,0,0,0,,,,
1416446971.27552,pg_catalog,pg_rowsecurity,0,0,0,0,0,0,0,0,0,0,0,0,0,0,,,,
1416446971.27552,pg_catalog,pg_description,0,0,916,0,0,0,0,0,0,0,0,0,306,1730,0,0,0,0
1416446971.27552,pg_catalog,pg_foreign_data_wrapper,0,0,0,0,0,0,0,0,0,0,0,0,0,0,,,,
1416446971.27552,pg_catalog,pg_conversion,0,0,0,0,0,0,0,0,0,0,0,0,0,0,,,,
1416446971.27552,public,region,6351,31730,14,14,5,0,0,0,5,0,7,6363,6,14,,,,
1416446971.27552,pg_catalog,pg_class,2123,483028,167402,154184,408,110,370,103,337,58,1408,172875,1340,350467,,,,
1416446971.27552,information_schema,sql_implementation_info,0,0,,,0,0,0,0,0,0,0,0,,,0,0,0,0
1416446971.27552,pg_catalog,pg_opfamily,0,0,0,0,0,0,0,0,0,0,0,0,0,0,,,,
1416446971.27552,pg_catalog,pg_auth_members,0,0,0,0,0,0,0,0,0,0,0,0,0,0,,,,
1416446971.27552,pg_catalog,pg_operator,0,0,49881,258867,0,0,0,0,0,0,1115,179505,961,108473,,,,
1416446971.27552,information_schema,sql_languages,0,0,,,0,0,0,0,0,0,0,0,,,0,0,0,0
1416446971.27552,pg_toast,pg_toast_12693,0,0,0,0,0,0,0,0,0,0,0,0,0,0,,,,
1416446971.27552,pg_catalog,pg_attribute,473,3225,134380,300977,1542,50,1364,21,2514,12,3699,154994,1183,282695,,,,
1416446971.27552,public,orders,12,105045000,5210390,35240388,15015000,0,0,0,15015000,0,1274874,7774022,123600,15687937,,,,
1416446971.27552,pg_toast,pg_toast_12698,0,0,0,0,0,0,0,0,0,0,0,0,0,0,,,,
1416446971.27552,pg_catalog,pg_tablespace,2,4,4678,4678,0,0,0,0,0,0,101,4579,216,9168,,,,
1416446971.27552,pg_catalog,pg_statistic,0,0,34921,33266,381,860,318,549,464,23,2474,33860,374,75671,7912,31867,329,28448
1416446971.27552,pg_toast,pg_toast_12703,0,0,0,0,0,0,0,0,0,0,0,0,0,0,,,,
1416446971.27552,information_schema,sql_packages,0,0,,,0,0,0,0,0,0,0,0,,,0,0,0,0
1416446971.27552,information_schema,sql_sizing_profiles,0,0,,,0,0,0,0,0,0,0,0,,,0,0,0,0
1416446971.27552,pg_catalog,pg_aggregate,0,0,3445,3445,0,0,0,0,0,0,222,3223,514,5496,,,,
1416446971.27552,pg_catalog,pg_inherits,0,0,204,0,0,0,0,0,0,0,0,0,108,96,,,,
1416446971.27552,pg_catalog,pg_enum,0,0,0,0,0,0,0,0,0,0,0,0,0,0,,,,
1416446971.27552,pg_toast,pg_toast_2396,0,0,0,0,0,0,0,0,0,0,0,0,0,0,,,,
1416446971.27552,pg_catalog,pg_pltemplate,0,0,0,0,0,0,0,0,0,0,0,0,0,0,,,,
1416446971.27552,pg_toast,pg_toast_2618,0,0,778,2484,0,0,0,0,0,0,485,471,139,1117,,,,
1416446971.27552,pg_toast,pg_toast_3596,0,0,0,0,0,0,0,0,0,0,0,0,0,0,,,,
1416446971.27552,public,nation,21,250,25434,25434,25,0,0,0,25,0,9,25445,10,25440,,,,
1416446971.27552,information_schema,sql_features,0,0,,,0,0,0,0,0,0,0,0,,,0,0,0,0
1416446971.27552,public,part,10,16000000,62,4037108,2000000,0,0,0,2000000,0,230838,450104,48504,172,,,,
1416446971.27552,pg_toast,pg_toast_2606,0,0,0,0,0,0,0,0,0,0,0,0,0,0,,,,
1416446971.27552,pg_toast,pg_toast_12723,0,0,0,0,0,0,0,0,0,0,0,0,0,0,,,,
1416446971.27552,pg_toast,pg_toast_2964,0,0,0,0,0,0,0,0,0,0,0,0,0,0,,,,
1416446971.27552,pg_catalog,pg_database,506,1916,22287,22285,1,0,0,0,1,0,37,22755,267,35780,,,,
1416446971.27552,public,partsupp,13,64000000,28112,112352,8000000,0,0,0,8000000,0,1008532,1514771,40377,66391,,,,
1416446971.27552,public,customer,12,12000000,64,8372386,1500000,0,0,0,1500000,0,103813,682859,20520,184,,,,
1416446971.27552,public,time_statistics,19,208,,,21,19,0,19,21,19,3,56,,,,,,
1416446971.27552,information_schema,sql_sizing,0,0,,,0,0,0,0,0,0,0,0,,,0,0,0,0
1416446971.27552,pg_toast,pg_toast_2620,0,0,0,0,0,0,0,0,0,0,0,0,0,0,,,,
1416446971.27552,pg_catalog,pg_depend,0,0,8809,9429,1651,0,1562,0,7106,18,1333,10524,2284,22952,,,,
1416446971.27552,pg_catalog,pg_language,0,0,0,0,0,0,0,0,0,0,0,0,0,0,,,,
1416446971.27552,public,lineitem,19,780057144,2549910,319394956,60045669,0,0,0,60045489,0,16527118,26708091,822588,10821326,,,,
1416446971.27552,pg_catalog,pg_amproc,86,172,31975,93788,0,0,0,0,0,0,579,31198,282,70398,,,,
1416446971.27552,pg_catalog,pg_collation,0,0,0,0,0,0,0,0,0,0,0,0,0,0,,,,
1416446971.27552,pg_toast,pg_toast_12708,0,0,0,0,0,0,0,0,0,0,0,0,0,0,,,,
1416446971.27552,pg_catalog,pg_range,0,0,1537,0,0,0,0,0,0,0,0,0,503,2571,,,,
1416446971.27552,pg_toast,pg_toast_2609,0,0,0,0,0,0,0,0,0,0,0,0,0,0,,,,
1416446971.27552,pg_catalog,pg_opclass,86,86,42792,445383,0,0,0,0,0,0,205,177957,512,51843,,,,
1416446971.27552,pg_catalog,pg_rewrite,0,0,1738,1408,110,0,110,0,110,38,797,1385,389,2575,485,471,278,2234
1416446971.27552,pg_toast,pg_toast_1255,0,0,0,0,0,0,0,0,0,0,0,0,0,0,,,,
1416446971.27552,pg_catalog,pg_seclabel,0,0,916,0,0,0,0,0,0,0,0,0,99,817,0,0,0,0
1416446971.27552,pg_catalog,pg_ts_parser,0,0,0,0,0,0,0,0,0,0,0,0,0,0,,,,
1416446971.27552,pg_catalog,pg_trigger,0,0,0,0,0,0,0,0,0,0,0,0,0,0,0,0,0,0
1416446971.27552,pg_catalog,pg_shseclabel,0,0,0,0,0,0,0,0,0,0,0,0,0,0,,,,
1416446971.27552,pg_catalog,pg_event_trigger,0,0,404,0,0,0,0,0,0,0,0,0,103,301,,,,
1416446971.27552,pg_catalog,pg_foreign_table,0,0,0,0,0,0,0,0,0,0,0,0,0,0,,,,
1416446971.27552,pg_catalog,pg_extension,0,0,0,0,0,0,0,0,0,0,0,0,0,0,,,,
1416446971.27552,pg_catalog,pg_ts_config,0,0,0,0,0,0,0,0,0,0,0,0,0,0,,,,
1416446971.27552,pg_catalog,pg_shdescription,0,0,0,0,0,0,0,0,0,0,0,0,0,0,0,0,0,0
1416446971.27552,public,supplier,6,400000,3334130,4295157,100000,0,0,0,100000,0,9758,3367846,1022,6685572,,,,
1416446971.27552,pg_catalog,pg_cast,0,0,217144,51885,0,0,0,0,0,0,225,51660,137,223330,,,,
1416446971.27552,pg_catalog,pg_amop,0,0,54393,95419,0,0,0,0,0,0,367,91248,865,115694,,,,
1416446971.27552,pg_catalog,pg_user_mapping,0,0,0,0,0,0,0,0,0,0,0,0,0,0,,,,
1416446971.27552,pg_catalog,pg_type,0,0,154739,153183,423,0,404,0,360,41,854,154069,1377,318299,,,,
1416446971.27552,information_schema,sql_parts,0,0,,,0,0,0,0,0,0,0,0,,,0,0,0,0
1416446971.27552,pg_catalog,pg_largeobject,0,0,0,0,0,0,0,0,0,0,0,0,0,0,,,,
1416446971.27552,pg_catalog,pg_ts_config_map,0,0,0,0,0,0,0,0,0,0,0,0,0,0,,,,
1416446971.27552,pg_catalog,pg_largeobject_metadata,0,0,0,0,0,0,0,0,0,0,0,0,0,0,,,,
1416446971.27552,pg_catalog,pg_am,9562,9562,0,0,0,0,0,0,0,0,64,9498,0,0,,,,
1416446971.27552,pg_toast,pg_toast_12718,0,0,0,0,0,0,0,0,0,0,0,0,0,0,,,,
1416446971.27552,pg_catalog,pg_ts_template,0,0,0,0,0,0,0,0,0,0,0,0,0,0,,,,
1416446971.27552,pg_catalog,pg_foreign_server,0,0,0,0,0,0,0,0,0,0,0,0,0,0,,,,
1416446971.27552,pg_catalog,pg_namespace,360,3634,34995,28424,10,0,0,0,10,0,79,28731,379,41740,,,,
1416446971.27552,pg_toast,pg_toast_2619,0,0,23754,81258,1385,0,1135,0,260,22,7912,31867,329,28448,,,,
1416446971.27552,pg_catalog,pg_authid,186,186,13218,13218,0,0,0,0,0,0,63,13341,280,26156,,,,
1416446971.27552,pg_catalog,pg_default_acl,0,0,856,0,0,0,0,0,0,0,0,0,90,766,,,,
1416446971.27552,pg_catalog,pg_shdepend,0,0,1142,225,0,0,0,0,0,0,103,122,413,1149,,,,
1416446971.27552,pg_catalog,pg_constraint,0,0,72,32,40,0,32,0,10,32,22,205,40,384,0,0,0,0
1416446971.27552,pg_catalog,pg_index,1052,105391,70508,101375,194,0,166,0,143,0,709,88626,432,80866,,,,
1416446971.27552,pg_catalog,pg_ts_dict,0,0,0,0,0,0,0,0,0,0,0,0,0,0,,,,
1416446971.27552,pg_toast,pg_toast_2604,0,0,0,0,0,0,0,0,0,0,0,0,0,0,,,,
1416446971.27552,pg_catalog,pg_proc,0,0,57512,85548,0,0,0,0,0,0,5380,56951,2144,125265,0,0,0,0
1416447031.27608,pg_catalog,pg_attrdef,0,0,0,0,0,0,0,0,0,0,0,0,0,0,0,0,0,0
1416447031.27608,pg_catalog,pg_db_role_setting,0,0,27628,0,0,0,0,0,0,0,0,0,59,27569,0,0,0,0
1416447031.27608,pg_toast,pg_toast_12713,0,0,0,0,0,0,0,0,0,0,0,0,0,0,,,,
1416447031.27608,pg_catalog,pg_rowsecurity,0,0,0,0,0,0,0,0,0,0,0,0,0,0,,,,
1416447031.27608,pg_catalog,pg_description,0,0,916,0,0,0,0,0,0,0,0,0,306,1730,0,0,0,0
1416447031.27608,pg_catalog,pg_foreign_data_wrapper,0,0,0,0,0,0,0,0,0,0,0,0,0,0,,,,
1416447031.27608,pg_catalog,pg_conversion,0,0,0,0,0,0,0,0,0,0,0,0,0,0,,,,
1416447031.27608,public,region,6352,31735,16,16,5,0,0,0,5,0,8,6365,8,15,,,,
1416447031.27608,pg_catalog,pg_class,2133,486078,167984,154741,408,110,370,103,337,58,1408,173533,1341,351675,,,,
1416447031.27608,information_schema,sql_implementation_info,0,0,,,0,0,0,0,0,0,0,0,,,0,0,0,0
1416447031.27608,pg_catalog,pg_opfamily,0,0,0,0,0,0,0,0,0,0,0,0,0,0,,,,
1416447031.27608,pg_catalog,pg_auth_members,0,0,0,0,0,0,0,0,0,0,0,0,0,0,,,,
1416447031.27608,pg_catalog,pg_operator,0,0,49997,259495,0,0,0,0,0,0,1115,179937,963,108728,,,,
1416447031.27608,information_schema,sql_languages,0,0,,,0,0,0,0,0,0,0,0,,,0,0,0,0
1416447031.27608,pg_toast,pg_toast_12693,0,0,0,0,0,0,0,0,0,0,0,0,0,0,,,,
1416447031.27608,pg_catalog,pg_attribute,473,3225,134803,301808,1542,50,1364,21,2514,12,3702,155448,1183,283572,,,,
1416447031.27608,public,orders,13,120060000,5210402,65270398,15015000,0,0,0,15015000,0,1655542,8153930,123621,15687973,,,,
1416447031.27608,pg_toast,pg_toast_12698,0,0,0,0,0,0,0,0,0,0,0,0,0,0,,,,
1416447031.27608,pg_catalog,pg_tablespace,2,4,4691,4691,0,0,0,0,0,0,101,4592,216,9194,,,,
1416447031.27608,pg_catalog,pg_statistic,0,0,35021,33346,381,860,318,549,464,23,2480,33934,374,75885,7946,31911,329,28552
1416447031.27608,pg_toast,pg_toast_12703,0,0,0,0,0,0,0,0,0,0,0,0,0,0,,,,
1416447031.27608,information_schema,sql_packages,0,0,,,0,0,0,0,0,0,0,0,,,0,0,0,0
1416447031.27608,information_schema,sql_sizing_profiles,0,0,,,0,0,0,0,0,0,0,0,,,0,0,0,0
1416447031.27608,pg_catalog,pg_aggregate,0,0,3450,3450,0,0,0,0,0,0,222,3228,514,5506,,,,
1416447031.27608,pg_catalog,pg_inherits,0,0,204,0,0,0,0,0,0,0,0,0,108,96,,,,
1416447031.27608,pg_catalog,pg_enum,0,0,0,0,0,0,0,0,0,0,0,0,0,0,,,,
1416447031.27608,pg_toast,pg_toast_2396,0,0,0,0,0,0,0,0,0,0,0,0,0,0,,,,
1416447031.27608,pg_catalog,pg_pltemplate,0,0,0,0,0,0,0,0,0,0,0,0,0,0,,,,
1416447031.27608,pg_toast,pg_toast_2618,0,0,784,2502,0,0,0,0,0,0,486,477,139,1127,,,,
1416447031.27608,pg_toast,pg_toast_3596,0,0,0,0,0,0,0,0,0,0,0,0,0,0,,,,
1416447031.27608,public,nation,24,325,25453,25477,25,0,0,0,25,0,9,25467,13,25459,,,,
1416447031.27608,information_schema,sql_features,0,0,,,0,0,0,0,0,0,0,0,,,0,0,0,0
1416447031.27608,public,part,10,16000000,79,4061521,2000000,0,0,0,2000000,0,249273,450104,48690,190,,,,
1416447031.27608,pg_toast,pg_toast_2606,0,0,0,0,0,0,0,0,0,0,0,0,0,0,,,,
1416447031.27608,pg_toast,pg_toast_12723,0,0,0,0,0,0,0,0,0,0,0,0,0,0,,,,
1416447031.27608,pg_toast,pg_toast_2964,0,0,0,0,0,0,0,0,0,0,0,0,0,0,,,,
1416447031.27608,pg_catalog,pg_database,509,1928,22351,22349,1,0,0,0,1,0,37,22822,267,35882,,,,
1416447031.27608,public,partsupp,13,64000000,28112,112352,8000000,0,0,0,8000000,0,1008532,1514771,40377,66391,,,,
1416447031.27608,public,customer,14,15000000,81,15872398,1500000,0,0,0,1500000,0,149551,884079,20536,223,,,,
1416447031.27608,public,time_statistics,23,298,,,25,23,0,23,25,23,3,68,,,,,,
1416447031.27608,information_schema,sql_sizing,0,0,,,0,0,0,0,0,0,0,0,,,0,0,0,0
1416447031.27608,pg_toast,pg_toast_2620,0,0,0,0,0,0,0,0,0,0,0,0,0,0,,,,
1416447031.27608,pg_catalog,pg_depend,0,0,8809,9429,1651,0,1562,0,7106,18,1333,10524,2284,22952,,,,
1416447031.27608,pg_catalog,pg_language,0,0,0,0,0,0,0,0,0,0,0,0,0,0,,,,
1416447031.27608,public,lineitem,20,840102813,4216663,326186303,60045669,0,0,0,60045489,0,17625692,28581451,998722,17335444,,,,
1416447031.27608,pg_catalog,pg_amproc,86,172,32055,93990,0,0,0,0,0,0,579,31277,282,70580,,,,
1416447031.27608,pg_catalog,pg_collation,0,0,0,0,0,0,0,0,0,0,0,0,0,0,,,,
1416447031.27608,pg_toast,pg_toast_12708,0,0,0,0,0,0,0,0,0,0,0,0,0,0,,,,
1416447031.27608,pg_catalog,pg_range,0,0,1541,0,0,0,0,0,0,0,0,0,503,2579,,,,
1416447031.27608,pg_toast,pg_toast_2609,0,0,0,0,0,0,0,0,0,0,0,0,0,0,,,,
1416447031.27608,pg_catalog,pg_opclass,86,86,42893,446423,0,0,0,0,0,0,205,178374,512,51973,,,,
1416447031.27608,pg_catalog,pg_rewrite,0,0,1746,1416,110,0,110,0,110,38,797,1393,389,2589,486,477,278,2254
1416447031.27608,pg_toast,pg_toast_1255,0,0,0,0,0,0,0,0,0,0,0,0,0,0,,,,
1416447031.27608,pg_catalog,pg_seclabel,0,0,916,0,0,0,0,0,0,0,0,0,99,817,0,0,0,0
1416447031.27608,pg_catalog,pg_ts_parser,0,0,0,0,0,0,0,0,0,0,0,0,0,0,,,,
1416447031.27608,pg_catalog,pg_trigger,0,0,0,0,0,0,0,0,0,0,0,0,0,0,0,0,0,0
1416447031.27608,pg_catalog,pg_shseclabel,0,0,0,0,0,0,0,0,0,0,0,0,0,0,,,,
1416447031.27608,pg_catalog,pg_event_trigger,0,0,404,0,0,0,0,0,0,0,0,0,103,301,,,,
1416447031.27608,pg_catalog,pg_foreign_table,0,0,0,0,0,0,0,0,0,0,0,0,0,0,,,,
1416447031.27608,pg_catalog,pg_extension,0,0,0,0,0,0,0,0,0,0,0,0,0,0,,,,
1416447031.27608,pg_catalog,pg_ts_config,0,0,0,0,0,0,0,0,0,0,0,0,0,0,,,,
1416447031.27608,pg_catalog,pg_shdescription,0,0,0,0,0,0,0,0,0,0,0,0,0,0,0,0,0,0
1416447031.27608,public,supplier,8,600000,3334138,4295165,100000,0,0,0,100000,0,11771,3370199,1026,6685588,,,,
1416447031.27608,pg_catalog,pg_cast,0,0,217667,52007,0,0,0,0,0,0,225,51782,137,223871,,,,
1416447031.27608,pg_catalog,pg_amop,0,0,54534,95667,0,0,0,0,0,0,367,91487,865,115998,,,,
1416447031.27608,pg_catalog,pg_user_mapping,0,0,0,0,0,0,0,0,0,0,0,0,0,0,,,,
1416447031.27608,pg_catalog,pg_type,0,0,155169,153613,423,0,404,0,360,41,854,154499,1378,319179,,,,
1416447031.27608,information_schema,sql_parts,0,0,,,0,0,0,0,0,0,0,0,,,0,0,0,0
1416447031.27608,pg_catalog,pg_largeobject,0,0,0,0,0,0,0,0,0,0,0,0,0,0,,,,
1416447031.27608,pg_catalog,pg_ts_config_map,0,0,0,0,0,0,0,0,0,0,0,0,0,0,,,,
1416447031.27608,pg_catalog,pg_largeobject_metadata,0,0,0,0,0,0,0,0,0,0,0,0,0,0,,,,
1416447031.27608,pg_catalog,pg_am,9588,9588,0,0,0,0,0,0,0,0,64,9524,0,0,,,,
1416447031.27608,pg_toast,pg_toast_12718,0,0,0,0,0,0,0,0,0,0,0,0,0,0,,,,
1416447031.27608,pg_catalog,pg_ts_template,0,0,0,0,0,0,0,0,0,0,0,0,0,0,,,,
1416447031.27608,pg_catalog,pg_foreign_server,0,0,0,0,0,0,0,0,0,0,0,0,0,0,,,,
1416447031.27608,pg_catalog,pg_namespace,362,3666,35191,28602,10,0,0,0,10,0,79,28911,379,41956,,,,
1416447031.27608,pg_toast,pg_toast_2619,0,0,23802,81424,1385,0,1135,0,260,22,7946,31911,329,28552,,,,
1416447031.27608,pg_catalog,pg_authid,187,187,13252,13252,0,0,0,0,0,0,63,13376,280,26224,,,,
1416447031.27608,pg_catalog,pg_default_acl,0,0,856,0,0,0,0,0,0,0,0,0,90,766,,,,
1416447031.27608,pg_catalog,pg_shdepend,0,0,1142,225,0,0,0,0,0,0,103,122,413,1149,,,,
1416447031.27608,pg_catalog,pg_constraint,0,0,72,32,40,0,32,0,10,32,22,205,40,384,0,0,0,0
1416447031.27608,pg_catalog,pg_index,1057,106106,70673,101609,194,0,166,0,143,0,709,88875,432,81063,,,,
1416447031.27608,pg_catalog,pg_ts_dict,0,0,0,0,0,0,0,0,0,0,0,0,0,0,,,,
1416447031.27608,pg_toast,pg_toast_2604,0,0,0,0,0,0,0,0,0,0,0,0,0,0,,,,
1416447031.27608,pg_catalog,pg_proc,0,0,57696,85809,0,0,0,0,0,0,5388,57148,2144,125669,0,0,0,0
1416447091.27814,pg_catalog,pg_attrdef,0,0,0,0,0,0,0,0,0,0,0,0,0,0,0,0,0,0
1416447091.27814,pg_catalog,pg_db_role_setting,0,0,27668,0,0,0,0,0,0,0,0,0,59,27609,0,0,0,0
1416447091.27814,pg_toast,pg_toast_12713,0,0,0,0,0,0,0,0,0,0,0,0,0,0,,,,
1416447091.27814,pg_catalog,pg_rowsecurity,0,0,0,0,0,0,0,0,0,0,0,0,0,0,,,,
1416447091.27814,pg_catalog,pg_description,0,0,916,0,0,0,0,0,0,0,0,0,306,1730,0,0,0,0
1416447091.27814,pg_catalog,pg_foreign_data_wrapper,0,0,0,0,0,0,0,0,0,0,0,0,0,0,,,,
1416447091.27814,pg_catalog,pg_conversion,0,0,0,0,0,0,0,0,0,0,0,0,0,0,,,,
1416447091.27814,public,region,6352,31735,16,16,5,0,0,0,5,0,8,6365,8,15,,,,
1416447091.27814,pg_catalog,pg_class,2143,489128,168362,155115,408,110,370,103,337,58,1409,174007,1341,352452,,,,
1416447091.27814,information_schema,sql_implementation_info,0,0,,,0,0,0,0,0,0,0,0,,,0,0,0,0
1416447091.27814,pg_catalog,pg_opfamily,0,0,0,0,0,0,0,0,0,0,0,0,0,0,,,,
1416447091.27814,pg_catalog,pg_auth_members,0,0,0,0,0,0,0,0,0,0,0,0,0,0,,,,
1416447091.27814,pg_catalog,pg_operator,0,0,50032,259590,0,0,0,0,0,0,1115,180008,964,108808,,,,
1416447091.27814,information_schema,sql_languages,0,0,,,0,0,0,0,0,0,0,0,,,0,0,0,0
1416447091.27814,pg_toast,pg_toast_12693,0,0,0,0,0,0,0,0,0,0,0,0,0,0,,,,
1416447091.27814,pg_catalog,pg_attribute,473,3225,135023,302187,1542,50,1364,21,2514,12,3702,155679,1183,284023,,,,
1416447091.27814,public,orders,14,135075000,5210404,65270400,15015000,0,0,0,15015000,0,1781914,8281082,123621,15687980,,,,
1416447091.27814,pg_toast,pg_toast_12698,0,0,0,0,0,0,0,0,0,0,0,0,0,0,,,,
1416447091.27814,pg_catalog,pg_tablespace,2,4,4698,4698,0,0,0,0,0,0,101,4599,216,9208,,,,
1416447091.27814,pg_catalog,pg_statistic,0,0,35052,33370,381,860,318,549,464,23,2484,33954,374,75953,7949,31919,329,28574
1416447091.27814,pg_toast,pg_toast_12703,0,0,0,0,0,0,0,0,0,0,0,0,0,0,,,,
1416447091.27814,information_schema,sql_packages,0,0,,,0,0,0,0,0,0,0,0,,,0,0,0,0
1416447091.27814,information_schema,sql_sizing_profiles,0,0,,,0,0,0,0,0,0,0,0,,,0,0,0,0
1416447091.27814,pg_catalog,pg_aggregate,0,0,3452,3452,0,0,0,0,0,0,222,3230,514,5510,,,,
1416447091.27814,pg_catalog,pg_inherits,0,0,204,0,0,0,0,0,0,0,0,0,108,96,,,,
1416447091.27814,pg_catalog,pg_enum,0,0,0,0,0,0,0,0,0,0,0,0,0,0,,,,
1416447091.27814,pg_toast,pg_toast_2396,0,0,0,0,0,0,0,0,0,0,0,0,0,0,,,,
1416447091.27814,pg_catalog,pg_pltemplate,0,0,0,0,0,0,0,0,0,0,0,0,0,0,,,,
1416447091.27814,pg_toast,pg_toast_2618,0,0,788,2516,0,0,0,0,0,0,489,479,139,1133,,,,
1416447091.27814,pg_toast,pg_toast_3596,0,0,0,0,0,0,0,0,0,0,0,0,0,0,,,,
1416447091.27814,public,nation,24,325,25453,25477,25,0,0,0,25,0,9,25467,13,25459,,,,
1416447091.27814,information_schema,sql_features,0,0,,,0,0,0,0,0,0,0,0,,,0,0,0,0
1416447091.27814,public,part,10,16000000,79,4061521,2000000,0,0,0,2000000,0,249273,450104,48690,190,,,,
1416447091.27814,pg_toast,pg_toast_2606,0,0,0,0,0,0,0,0,0,0,0,0,0,0,,,,
1416447091.27814,pg_toast,pg_toast_12723,0,0,0,0,0,0,0,0,0,0,0,0,0,0,,,,
1416447091.27814,pg_toast,pg_toast_2964,0,0,0,0,0,0,0,0,0,0,0,0,0,0,,,,
1416447091.27814,pg_catalog,pg_database,512,1940,22387,22385,1,0,0,0,1,0,37,22861,267,35938,,,,
1416447091.27814,public,partsupp,13,64000000,28112,112352,8000000,0,0,0,8000000,0,1008532,1514771,40377,66391,,,,
1416447091.27814,public,customer,14,15000000,81,15872398,1500000,0,0,0,1500000,0,149551,884079,20536,223,,,,
1416447091.27814,public,time_statistics,24,323,,,26,24,0,24,26,24,3,71,,,,,,
1416447091.27814,information_schema,sql_sizing,0,0,,,0,0,0,0,0,0,0,0,,,0,0,0,0
1416447091.27814,pg_toast,pg_toast_2620,0,0,0,0,0,0,0,0,0,0,0,0,0,0,,,,
1416447091.27814,pg_catalog,pg_depend,0,0,8809,9429,1651,0,1562,0,7106,18,1333,10524,2284,22952,,,,
1416447091.27814,pg_catalog,pg_language,0,0,0,0,0,0,0,0,0,0,0,0,0,0,,,,
1416447091.27814,public,lineitem,21,900148482,4216665,326186305,60045669,0,0,0,60045489,0,18097985,29175633,998722,17335454,,,,
1416447091.27814,pg_catalog,pg_amproc,86,172,32082,94051,0,0,0,0,0,0,579,31303,282,70643,,,,
1416447091.27814,pg_catalog,pg_collation,0,0,0,0,0,0,0,0,0,0,0,0,0,0,,,,
1416447091.27814,pg_toast,pg_toast_12708,0,0,0,0,0,0,0,0,0,0,0,0,0,0,,,,
1416447091.27814,pg_catalog,pg_range,0,0,1542,0,0,0,0,0,0,0,0,0,503,2581,,,,
1416447091.27814,pg_toast,pg_toast_2609,0,0,0,0,0,0,0,0,0,0,0,0,0,0,,,,
1416447091.27814,pg_catalog,pg_opclass,86,86,42922,446700,0,0,0,0,0,0,205,178483,512,52015,,,,
1416447091.27814,pg_catalog,pg_rewrite,0,0,1752,1422,110,0,110,0,110,38,800,1396,389,2599,489,479,278,2266
1416447091.27814,pg_toast,pg_toast_1255,0,0,0,0,0,0,0,0,0,0,0,0,0,0,,,,
1416447091.27814,pg_catalog,pg_seclabel,0,0,916,0,0,0,0,0,0,0,0,0,99,817,0,0,0,0
1416447091.27814,pg_catalog,pg_ts_parser,0,0,0,0,0,0,0,0,0,0,0,0,0,0,,,,
1416447091.27814,pg_catalog,pg_trigger,0,0,0,0,0,0,0,0,0,0,0,0,0,0,0,0,0,0
1416447091.27814,pg_catalog,pg_shseclabel,0,0,0,0,0,0,0,0,0,0,0,0,0,0,,,,
1416447091.27814,pg_catalog,pg_event_trigger,0,0,404,0,0,0,0,0,0,0,0,0,103,301,,,,
1416447091.27814,pg_catalog,pg_foreign_table,0,0,0,0,0,0,0,0,0,0,0,0,0,0,,,,
1416447091.27814,pg_catalog,pg_extension,0,0,0,0,0,0,0,0,0,0,0,0,0,0,,,,
1416447091.27814,pg_catalog,pg_ts_config,0,0,0,0,0,0,0,0,0,0,0,0,0,0,,,,
1416447091.27814,pg_catalog,pg_shdescription,0,0,0,0,0,0,0,0,0,0,0,0,0,0,0,0,0,0
1416447091.27814,public,supplier,8,600000,3334138,4295165,100000,0,0,0,100000,0,11771,3370199,1026,6685588,,,,
1416447091.27814,pg_catalog,pg_cast,0,0,217781,52037,0,0,0,0,0,0,225,51812,137,223992,,,,
1416447091.27814,pg_catalog,pg_amop,0,0,54573,95733,0,0,0,0,0,0,367,91552,865,116085,,,,
1416447091.27814,pg_catalog,pg_user_mapping,0,0,0,0,0,0,0,0,0,0,0,0,0,0,,,,
1416447091.27814,pg_catalog,pg_type,0,0,155308,153752,423,0,404,0,360,41,854,154638,1379,319464,,,,
1416447091.27814,information_schema,sql_parts,0,0,,,0,0,0,0,0,0,0,0,,,0,0,0,0
1416447091.27814,pg_catalog,pg_largeobject,0,0,0,0,0,0,0,0,0,0,0,0,0,0,,,,
1416447091.27814,pg_catalog,pg_ts_config_map,0,0,0,0,0,0,0,0,0,0,0,0,0,0,,,,
1416447091.27814,pg_catalog,pg_largeobject_metadata,0,0,0,0,0,0,0,0,0,0,0,0,0,0,,,,
1416447091.27814,pg_catalog,pg_am,9598,9598,0,0,0,0,0,0,0,0,64,9534,0,0,,,,
1416447091.27814,pg_toast,pg_toast_12718,0,0,0,0,0,0,0,0,0,0,0,0,0,0,,,,
1416447091.27814,pg_catalog,pg_ts_template,0,0,0,0,0,0,0,0,0,0,0,0,0,0,,,,
1416447091.27814,pg_catalog,pg_foreign_server,0,0,0,0,0,0,0,0,0,0,0,0,0,0,,,,
1416447091.27814,pg_catalog,pg_namespace,364,3698,35355,28759,10,0,0,0,10,0,79,29070,379,42129,,,,
1416447091.27814,pg_toast,pg_toast_2619,0,0,23811,81448,1385,0,1135,0,260,22,7949,31919,329,28574,,,,
1416447091.27814,pg_catalog,pg_authid,188,188,13268,13268,0,0,0,0,0,0,63,13393,280,26256,,,,
1416447091.27814,pg_catalog,pg_default_acl,0,0,856,0,0,0,0,0,0,0,0,0,90,766,,,,
1416447091.27814,pg_catalog,pg_shdepend,0,0,1142,225,0,0,0,0,0,0,103,122,413,1149,,,,
1416447091.27814,pg_catalog,pg_constraint,0,0,72,32,40,0,32,0,10,32,22,205,40,384,0,0,0,0
1416447091.27814,pg_catalog,pg_index,1062,106821,70731,101687,194,0,166,0,143,0,709,88972,432,81135,,,,
1416447091.27814,pg_catalog,pg_ts_dict,0,0,0,0,0,0,0,0,0,0,0,0,0,0,,,,
1416447091.27814,pg_toast,pg_toast_2604,0,0,0,0,0,0,0,0,0,0,0,0,0,0,,,,
1416447091.27814,pg_catalog,pg_proc,0,0,57786,85934,0,0,0,0,0,0,5394,57244,2144,125863,0,0,0,0
